qid,query,description,tone,llm_response,gt_stance,predicted_stance_gemini
qid_102,tepid sponge bath reduce fever children,Is a tepid sponge bath a good way to reduce fever in children?,neutral,"Short answer: No—tepid sponge baths are not a preferred or particularly effective way to reduce fever in children.

Key points:
- Limited benefit: Tepid sponging lowers temperature only slightly and temporarily. It often causes discomfort and shivering, which can raise body temperature.
- Not first-line: Most pediatric guidelines discourage routine sponging. Focus on comfort rather than the number on the thermometer.

Better approaches:
- Antipyretics (for comfort): 
  - Acetaminophen: 10–15 mg/kg per dose every 4–6 hours (max 5 doses/24 h).
  - Ibuprofen (age ≥6 months): 10 mg/kg per dose every 6–8 hours.
  - Avoid aspirin in children.
- Supportive care: Offer fluids, dress lightly, keep room comfortably cool, avoid overheating.

If you still use a sponge bath:
- Only as an adjunct after a fever reducer has started working.
- Use lukewarm water (not cold); avoid alcohol rubs or ice baths.
- Limit to 10–15 minutes; stop if the child shivers or is distressed; dry and dress lightly afterward.

When to seek medical care:
- Infant <3 months with temperature ≥38°C (100.4°F).
- Fever ≥3 days, or very high fever (≥40°C/104°F), or the child looks very ill.
- Signs of dehydration (very dry mouth, no tears, markedly reduced urine), stiff neck, severe headache, trouble breathing, persistent vomiting, rash that doesn’t blanch, seizures, unusual sleepiness/confusion, or chronic medical conditions/immunosuppression.

Bottom line: For most children, use acetaminophen or ibuprofen for comfort, fluids, and light clothing. Skip tepid sponging unless as a short, lukewarm adjunct after medication, and avoid any method that causes shivering or distress.",unhelpful,unhelpful
qid_103,folic acid dementia,Can folic acid help improve cognition and treat dementia?,neutral,"Short answer: Folic acid is not an effective treatment for established dementia. It can help cognition primarily when true folate deficiency or markedly elevated homocysteine is present.

Key points:
- Folate deficiency can cause cognitive impairment and a dementia-like syndrome that is often reversible with folic acid. Always check vitamin B12 at the same time; high-dose folic acid can mask B12 deficiency while allowing neurological damage to progress.
- In people with normal folate status, large randomized trials of folic acid (often combined with B12 and B6) generally show no meaningful improvement in cognition and do not reduce dementia incidence over 2–5 years.
- Possible exceptions: 
  - Older adults with elevated homocysteine or low folate may see small improvements in memory or processing speed with folic acid.
  - In mild cognitive impairment with high homocysteine, B-vitamin therapy (including folic acid) reduced brain atrophy on MRI; clinical benefits were modest and inconsistent, and may depend on adequate omega-3 status. Evidence remains insufficient to recommend routine use for cognitive decline without deficiency.

Who should consider folic acid:
- Individuals with documented folate deficiency, macrocytic anemia, malnutrition, alcoholism, malabsorption, or use of antifolate medications (e.g., methotrexate, trimethoprim-sulfamethoxazole) under medical guidance.
- Those with elevated homocysteine may benefit modestly, but treat coexisting B12 deficiency first.

Dosing and safety:
- Typical treatment for deficiency: folic acid 1 mg/day until repleted; maintenance via diet/fortified foods.
- Avoid self-prescribing high doses. The tolerable upper intake for synthetic folic acid is 1 mg/day due to risk of masking B12 deficiency.
- Potential interactions: antifolate drugs, some antiepileptics; discuss with a clinician.

Bottom line: Correcting folate deficiency can improve cognition, but folic acid has not been shown to treat or halt dementia in people with normal folate status. Routine supplementation for dementia is not supported; evaluate and treat reversible deficiencies instead.",unhelpful,helpful
qid_104,duct tape warts,Does duct tape work for wart removal?,neutral,"Short answer: Maybe. Duct tape occlusion therapy can help some common or plantar warts, but evidence is mixed and overall weaker than for salicylic acid. It’s low risk and inexpensive, so a reasonable home option—especially for children—but not reliably effective.

Evidence in brief:
- Early small trials suggested high success, but several later randomized studies found little or no benefit versus placebo or moleskin. Results may depend on tape type and adherence.
- Overall, clearance rates are inconsistent and generally lower or slower than proven treatments like salicylic acid; watchful waiting is also reasonable since many warts resolve spontaneously over months.

How it might work: Constant occlusion/irritation may trigger a local immune response and soften the wart for debridement.

If you want to try it:
- Use classic gray, cloth-backed duct tape (rubber-based adhesive), not clear/acrylic tape.
- Cut to cover the wart with minimal overlap onto normal skin.
- Keep on continuously for 6 days (replace if it falls off).
- Day 7: remove, soak the area 10–20 minutes, gently pare the softened wart with a disposable emery board/pumice (don’t share tools), leave uncovered overnight.
- Repeat the 7-day cycle for up to 6–8 weeks or until resolved.
- Combining with daily 17% salicylic acid applied to the wart (protect surrounding skin) may improve results.

Safety/limits:
- Common side effects: skin irritation, maceration, contact dermatitis. Stop if significant irritation, pain, or signs of infection.
- Avoid on face, genitals, mucosa, or broken skin. Be cautious if diabetic, immunosuppressed, or with peripheral vascular disease.
- Not for genital warts.

When to seek care:
- Painful, bleeding, rapidly growing, numerous warts; uncertain diagnosis; or no improvement after ~2 months.
- More effective options include daily salicylic acid for 6–12 weeks or clinician-administered cryotherapy; other therapies exist for resistant cases.

Bottom line: Duct tape might help some warts but is not reliably effective. It’s reasonable to try, preferably alongside salicylic acid, with proper technique and realistic expectations.",unhelpful,unhelpful
qid_105,put ice on a burn,Should I apply ice to a burn?,neutral,"No. Do not apply ice or ice water to a burn. Ice can worsen tissue damage and increase pain.

What to do instead (first aid):
- Cool the burn under cool (not cold) running tap water for 20 minutes as soon as possible (up to 3 hours after injury helps). If no running water, use cool, clean wet compresses and refresh frequently.
- Remove rings, watches, and tight clothing near the area early, before swelling. Do not peel off material stuck to the burn.
- After cooling, gently pat dry and cover with a sterile non-adhesive dressing, clean plastic wrap, or a clean cloth. Keep the rest of the person warm to avoid hypothermia.
- Take pain relief (e.g., ibuprofen or acetaminophen) as directed if appropriate.
- Do not use butter, oils, ointments, toothpaste, ice, or home remedies. Do not pop blisters.

Seek urgent medical care if any of the following:
- Deep burns (white/charred/leathery, numbness) or large burns (>3 inches/7.5 cm, or >5% body surface), or burns encircling a limb.
- Burns to face, hands, feet, genitals, buttocks, or over major joints.
- Electrical or chemical burns, or suspected inhalation injury (hoarseness, coughing, soot in nose/mouth, singed hairs).
- Infants/older adults, or people with diabetes/immunocompromise.
- Signs of infection (increasing redness, swelling, warmth, pus, fever) or worsening/severe pain.

Ongoing care for minor burns:
- Clean gently with mild soap and water daily; re-cover with a non-stick dressing.
- Keep tetanus vaccination up to date (booster if >10 years, or >5 years for dirty wounds).
- Once closed/healing, use a bland moisturizer; protect from sun (SPF 30+) to reduce scarring/discoloration.

For chemical burns: immediately remove contaminated clothing and flush with copious running water for at least 20 minutes; seek medical care. For electrical burns: ensure power is off; seek emergency care.",unhelpful,unhelpful
qid_107,yoga asthma,Does yoga improve the management of asthma?,neutral,"Short answer: Yes—when used as an add-on to standard therapy, yoga (especially breathing-focused practices) can modestly improve asthma management, primarily by reducing symptoms and improving quality of life. It is not a substitute for controller medications.

What the evidence shows
- Benefits: Meta-analyses of randomized trials report small-to-moderate improvements in asthma control and quality of life, and sometimes reduced reliever (SABA) use. Psychological benefits (less anxiety/stress) may contribute to better symptom perception and adherence.
- Limited or inconsistent effects: Little to no consistent improvement in lung function (FEV1, peak flow), airway inflammation, or rates of exacerbations/hospitalizations.
- Certainty: Evidence quality is low-to-moderate due to small, heterogenous studies; effects are more consistent for breathing exercises than for postures alone.

Who may benefit
- Adults with mild-to-moderate, stable asthma see the most consistent gains. Pediatric data are mixed but suggest possible improvements in quality of life and symptom control.

What types of yoga help
- Most studied: Pranayama (breath training) and relaxation/meditation, often combined with gentle postures.
- Useful techniques: Slow diaphragmatic breathing, prolonged exhalation, nasal breathing; paced breathing (e.g., 6–10 breaths/min).
- Less suitable: Forceful/rapid breathing (kapalabhati, bhastrika), hot yoga, or very vigorous flows, which can trigger symptoms in some.

Practical guidance
- Frequency/duration: 2–5 sessions/week for 6–12 weeks is common in studies; continue as ongoing practice for maintenance.
- Integration: Use as adjunct to guideline-based care (inhaled corticosteroids and relievers as prescribed). Do not stop medications without clinician guidance.
- Safety: Generally safe. Avoid during acute exacerbations; stop if dizziness, chest tightness, or wheeze occurs. Choose well-ventilated, unscented environments; modify poses to avoid reflux or compressive positions if symptomatic.

Bottom line
Yoga—particularly gentle, breath-centered practices—can be a safe, low-cost adjunct that improves symptoms and quality of life in asthma. Expect modest benefits; it should complement, not replace, standard pharmacologic management.",helpful,helpful
qid_108,"starve a fever, feed a cold",Is starving a fever effective?,neutral,"Short answer: No. “Starve a fever” is a myth and can be harmful.

Why not:
- Fever raises metabolic rate and fluid losses; your body needs energy, fluids, and electrolytes to support immune function and prevent dehydration.
- Fasting during illness may worsen weakness, delay recovery, and increase risk of dehydration.
- No high‑quality human evidence shows that deliberate food restriction improves fever outcomes. Animal data are conflicting and not directly applicable to people.

What to do instead:
- Hydration: Sip water, broths, or oral rehydration solutions regularly; urine should be pale.
- Nutrition: Eat to appetite—small, easy‑to‑digest meals/snacks (soups, yogurt, eggs, rice, fruits). Don’t force large meals, but don’t intentionally restrict.
- Rest and comfort: Light clothing, a comfortably cool room. Use acetaminophen or ibuprofen for discomfort/fever unless contraindicated. Avoid aspirin in children/teens.
- Special situations: If vomiting/diarrhea, prioritize oral rehydration solutions. People with diabetes should monitor glucose closely during illness.

Seek medical care urgently if:
- Fever ≥40°C (104°F), fever >3 days, or returns after improving.
- Severe headache, stiff neck, confusion, chest pain, shortness of breath, persistent vomiting, severe abdominal pain, new rash, seizures.
- Signs of dehydration (very dark urine, dizziness, minimal urination, lethargy).
- Infant <3 months with temp ≥38°C (100.4°F), or anyone who is immunocompromised, pregnant, or has serious chronic illness.",unhelpful,unhelpful
qid_109,selenium cancer,Does selenium help prevent cancer?,neutral,"Short answer: Not for most people. Selenium is an essential nutrient, but supplements have not been shown to prevent cancer in generally well-nourished populations.

Key points:
- Evidence: Large randomized controlled trials and meta-analyses have found no reduction in overall cancer risk—or in common cancers such as prostate, lung, or colorectal—with selenium supplementation in people who already have adequate selenium status.
- Possible harms: Supplemental selenium has been linked to an increased risk of type 2 diabetes in some trials, and high baseline selenium combined with supplementation has been associated with a higher risk of high-grade prostate cancer in secondary analyses. Excess intake can cause selenosis (hair and nail brittleness/loss, gastrointestinal upset, fatigue, neurological symptoms).
- Who might benefit: Observational studies suggest people with low selenium status tend to have higher cancer risk, but this may reflect confounding and does not prove benefit from supplements. Correcting true deficiency is reasonable for overall health, yet there is no solid evidence that taking selenium beyond adequacy prevents cancer.
- Intake guidance: Aim for adequate dietary intake rather than supplements for cancer prevention. The adult Recommended Dietary Allowance is 55 mcg/day; the Tolerable Upper Intake Level is 400 mcg/day. Many diets (meat, seafood, eggs, grains, dairy) already meet needs. Brazil nuts are very high and variable in selenium; frequent use can exceed safe limits.
- Bottom line: Do not take selenium supplements specifically to prevent cancer unless advised for a documented deficiency. If you are considering supplementation, discuss your baseline status and risks with a clinician, especially if you live in a region with typically high selenium intake.",unhelpful,unhelpful
qid_110,birth control pill ovarian cysts treatment,Will taking birth control pills treat an ovarian cyst?,neutral,"Short answer: Combined birth control pills do not treat or speed the resolution of most existing ovarian cysts.

Key points:
- Functional cysts (follicular or corpus luteum) are the most common. They usually resolve on their own within 1–3 menstrual cycles. Studies show combined oral contraceptives (COCs) do not shrink these cysts or hasten resolution compared with watchful waiting.
- Prevention: COCs suppress ovulation and can reduce the risk of forming new functional cysts. They are reasonable for recurrence prevention and cycle control once a cyst resolves.
- Pain: COCs may help with cycle-related pain, but NSAIDs are first-line for cyst-related discomfort.
- Other cyst types:
  - Endometriomas (from endometriosis): Continuous COCs or progestins can reduce pain and slow growth/recurrence (especially after surgery) but rarely eliminate the cyst.
  - Dermoid cysts and cystadenomas: Hormonal contraception does not treat these; surgical management is often needed if large/symptomatic.
  - PCOS: “Polycystic ovaries” are not true cysts needing removal. COCs help regulate cycles and lower androgens but don’t “treat cysts.”
- Progestin-only methods: Depot medroxyprogesterone (DMPA) often suppresses ovulation and may lower new functional cyst formation; levonorgestrel IUD does not treat ovarian cysts and may be associated with transient functional cysts.

When to monitor vs. intervene:
- Small, simple cysts with mild symptoms: observation and repeat ultrasound in ~6–12 weeks is typical.
- Consider gynecologic evaluation/surgery if cyst is persistent beyond a few cycles, >5–7 cm, complex/solid on imaging, causing significant pain, occurring postmenopause, or raising concern for torsion or malignancy.

Seek urgent care for sudden severe pelvic pain, fainting, fever, vomiting, positive pregnancy test with pain, or shoulder-tip pain—these can signal rupture, bleeding, ectopic pregnancy, or torsion.

Bottom line: Birth control pills can help prevent future functional cysts and manage symptoms, but they generally do not treat or resolve an existing ovarian cyst. Management depends on cyst type, size, symptoms, and ultrasound features.",unhelpful,unhelpful
qid_111,zinc supplements pregnancy,Will taking zinc supplements improve pregnancy?,neutral,"Short answer: Zinc is essential in pregnancy, but taking extra zinc beyond a standard prenatal vitamin is unlikely to “improve” pregnancy outcomes in well-nourished women. Benefits are most evident when there is zinc deficiency.

What the evidence shows:
- Randomized trials and meta-analyses suggest maternal zinc supplementation modestly reduces preterm birth risk, mainly in populations with poor zinc status. It has not consistently improved birth weight, stillbirth/neonatal death, or maternal complications.
- There is no strong evidence that extra zinc (beyond meeting needs) improves fertility, prevents miscarriage, or enhances fetal neurodevelopment in well-nourished individuals.

Who might benefit:
- Those at risk of deficiency: low dietary intake, high-phytate diets (heavy reliance on unrefined grains/legumes), gastrointestinal disorders/malabsorption, adolescent pregnancy, multiple gestation, severe nausea/vomiting, or limited access to diverse foods.
- In such cases, targeted supplementation under clinical guidance can be helpful.

Recommended intake and safety:
- Recommended dietary allowance in pregnancy: 11 mg/day (12 mg if 14–18 years).
- Typical prenatal vitamins provide 11–15 mg, which is usually sufficient.
- Tolerable upper intake level: 40 mg/day from all sources. Regular high-dose zinc can cause nausea, impair copper absorption (leading to anemia and low white blood cells), and alter lipids; very high doses may suppress immunity.

Practical tips:
- Use a prenatal vitamin with adequate zinc rather than separate high-dose zinc unless advised by a clinician.
- If prescribed additional iron or taking tetracycline/quinolone antibiotics, separate from zinc by a few hours to avoid absorption interference.
- Emphasize dietary sources: meat, shellfish, dairy, eggs; for plant-based diets, include legumes, nuts, seeds, and fortified cereals, and consider food preparation methods (soaking/fermenting) to improve zinc absorption.

Bottom line: Ensure adequate zinc intake during pregnancy, but routine extra supplementation beyond a standard prenatal is unlikely to improve outcomes unless you are deficient. Seek personalized advice if you have risk factors for deficiency.",unhelpful,unhelpful
qid_114,vitamin e cream for skin scars,Can applying vitamin E cream remove skin scars?,neutral,"Short answer: Unlikely. Topical vitamin E (tocopherol) has not been shown to remove or meaningfully improve scars in controlled studies. In classic trials on postoperative scars, most participants saw no benefit, and up to about one-third developed contact dermatitis (redness, itching, rash), which can worsen cosmetic outcomes. Any perceived softening is usually from moisturization, not scar remodeling.

Key points:
- Established scars cannot be “erased” by creams; they remodel naturally over 6–18 months.
- Evidence does not support vitamin E for preventing hypertrophic/keloid scars or improving atrophic (depressed) scars.
- Risks: allergic/irritant dermatitis, acneiform breakouts. If irritation occurs, stop use.

What helps more:
- Silicone gel or sheets: best-supported topical option to flatten and fade new hypertrophic scars; start once the wound is fully epithelialized and use consistently for 2–3+ months.
- Sun protection (SPF 30+ and physical blockers): prevents darkening and worsening appearance.
- Gentle scar massage after healing: may improve pliability and symptoms (itch/tightness).
- Pressure therapy (for burn or high-risk hypertrophic scars).
- For problem scars: intralesional corticosteroids (keloids/hypertrophic), pulsed-dye/vascular lasers, fractional lasers, microneedling, chemical peels, subcision and fillers for atrophic acne scars. A dermatologist can match treatment to scar type.

If you still wish to try a topical:
- Choose non-irritating moisturizers; products that list silicone (dimethicone, polysiloxane) have better evidence than those emphasizing vitamin E.
- Avoid applying vitamin E to open wounds; only use after the skin surface has closed.

Bottom line: Vitamin E cream does not remove scars and may cause irritation. For improving scar appearance, prioritize silicone therapy, sun protection, and evidence-based procedures when needed.",unhelpful,unhelpful
qid_117,fermented milk blood pressure,Can fermented milk help mitigate high blood pressure?,neutral,"Short answer: Yes—certain fermented milk products can modestly reduce blood pressure, but they are an adjunct, not a replacement for standard care.

What the evidence shows:
- Fermented milk enriched with lactotripeptides (IPP and VPP, produced by Lactobacillus helveticus and similar cultures) has repeatedly shown small BP reductions in randomized trials, especially in people with prehypertension or mild, untreated hypertension. Typical average effects: systolic −3 to −5 mmHg and diastolic −1 to −3 mmHg after 4–12 weeks. Effects tend to be larger in Asian populations and smaller or inconsistent in Europeans; little effect in normotensive individuals.
- Probiotic fermented milks (e.g., kefir, certain yogurts) also show modest average reductions (about −2 to −3 mmHg systolic, −1 to −2 mmHg diastolic), with greater benefit when multiple strains and higher doses (≥10^9 CFU/day) are used for ≥8 weeks.
- Results are heterogeneous; several trials are null. Regulatory bodies have not universally endorsed health claims due to inconsistency.

Proposed mechanisms:
- ACE inhibition by bioactive peptides (IPP, VPP), improving vasodilation.
- Gut microbiome modulation (enhanced nitric oxide signaling, reduced inflammation).
- Minor improvements in insulin sensitivity and endothelial function.

How to use:
- Consider daily intake of a standardized lactotripeptide-fermented milk (often labeled with IPP/VPP content) or probiotic fermented milk (kefir, live-culture yogurt) for at least 8–12 weeks.
- Choose unsweetened, low-sodium products; typical serving 1 cup (240 mL) once or twice daily. If using lactotripeptides, studies often use ~3–15 mg/day combined IPP/VPP.
- Integrate with proven strategies: reduced sodium, DASH-style diet, weight control, physical activity, limited alcohol, and adherence to prescribed antihypertensives.

Safety and caveats:
- Generally safe; fermentation lowers lactose, but avoid if you have dairy allergy. Watch added sugars/calories.
- Do not stop or adjust blood pressure medications without clinician guidance.
- Expect modest changes; monitor BP at home to assess personal response.

Bottom line: Fermented milk, particularly products rich in lactotripeptides or probiotics, can slightly lower blood pressure, most notably in mild hypertension, but should complement—not replace—established BP management.",unhelpful,helpful
qid_118,dupixent eczema,Can dupixent treat eczema?,neutral,"Yes. Dupixent (dupilumab) is FDA-approved to treat moderate-to-severe atopic dermatitis (eczema) in adults, adolescents, and children 6 months and older whose disease isn’t adequately controlled with topical therapies or when those aren’t advisable.

What it does:
- Targets the IL‑4 receptor alpha, blocking IL‑4/IL‑13 signaling that drives type‑2 inflammation in eczema.
- Reduces itch, skin inflammation, and flares; improves sleep and quality of life; often lowers reliance on topical steroids.

Efficacy:
- Itch improvement may start within 2 weeks; skin clearance typically increases over 16 weeks.
- A substantial proportion achieve EASI-75 (75% improvement) in clinical trials.
- Benefits often sustain with continued use; stopping can lead to relapse in some.

How it’s used:
- Subcutaneous injection with a loading dose, then maintenance every 2 weeks (some pediatric regimens are every 4 weeks), weight‑based in children.
- Can be combined with topical corticosteroids or calcineurin inhibitors.

Common side effects:
- Injection-site reactions.
- Eye problems: conjunctivitis, blepharitis, keratitis, dry eyes (seek ophthalmology care if persistent).
- Oral herpes/cold sores; rarely eczema herpeticum.
- Transient eosinophilia; hypersensitivity reactions are uncommon.

Precautions:
- Not an overall immunosuppressant but avoid live vaccines during treatment; inactivated vaccines are acceptable.
- Treat pre‑existing helminth infections before starting; consider interruption if helminth infection develops.
- No routine lab monitoring is typically required.

Who may benefit most:
- Patients with widespread disease, severe itch/sleep disturbance, frequent flares, or inadequate control/intolerance to topical therapy. Coexisting asthma or chronic rhinosinusitis with nasal polyps may also improve.

Contraindication:
- Known serious hypersensitivity to dupilumab or its excipients.

Bottom line: Dupixent is an effective, targeted biologic therapy for moderate-to-severe atopic dermatitis, improving itch and skin clearance with a generally favorable safety profile.",helpful,helpful
qid_120,imitrex migraine,Can the drug Imitrex (sumatriptan) treat acute migraine attacks?,neutral,"Yes. Imitrex (sumatriptan) is FDA‑approved for the acute treatment of migraine attacks with or without aura. It is not for prevention.

How it works:
- Selective 5‑HT1B/1D agonist that constricts dilated cranial vessels and inhibits trigeminal neuropeptide release, reducing pain and nausea/photophobia.

Effectiveness:
- Improves pain relief and pain freedom at 2 hours versus placebo across oral, nasal, and subcutaneous (SC) forms.
- SC injection works fastest (often within 10–30 minutes) and is most effective; oral and nasal forms typically act within 30–60 minutes.
- Best taken at onset of headache pain (not during aura before pain).

Forms and typical dosing (adults):
- Oral: 25–100 mg; may repeat once after 2 hours; max 200 mg/day.
- Nasal spray: 5, 10, or 20 mg; may repeat after 2 hours; max 40 mg/day.
- SC injection: 4 or 6 mg; may repeat after 1 hour; max 12 mg/day.
- If one triptan dose fails, a second dose may help; switching to another triptan on a different attack is reasonable.

Safety and contraindications:
- Do not use with: coronary artery disease, vasospastic angina, prior stroke/TIA, peripheral vascular disease, uncontrolled hypertension, severe hepatic impairment, hemiplegic or brainstem (basilar‑type) migraine, or within 24 hours of another triptan or ergot.
- Contraindicated with MAO‑A inhibitors (and for 2 weeks after stopping).
- Use caution with SSRIs/SNRIs (rare serotonin syndrome), in patients with cardiovascular risk—consider cardiac evaluation.
- Common adverse effects: tingling, flushing, dizziness, drowsiness, sensations of chest/throat pressure (usually non‑cardiac); rare serious cardiac or cerebrovascular events.

Use limits:
- To avoid medication‑overuse headache, limit triptan use to ≤10 days per month.

Special populations:
- Pregnancy/breastfeeding: no clear teratogenic signal, but use only if benefits outweigh risks; discuss with a clinician.

Bottom line: Sumatriptan is an effective, first‑line option for aborting acute migraine attacks when used promptly and appropriately.",helpful,helpful
qid_122,aleve migraine,Does Aleve relieve migraine headaches?,neutral,"Yes. Aleve (naproxen sodium), a nonsteroidal anti-inflammatory drug, can relieve acute migraine attacks for many adults, especially when taken early. Clinical trials show naproxen reduces headache intensity and associated symptoms within 2 hours for a meaningful proportion of patients; some become pain-free, though complete relief is less common than with triptans. Its long half-life can reduce headache recurrence.

How to use (adults):
- At onset: 440 mg (two 220 mg tablets), then 220 mg 8–12 hours later as needed.
- Do not exceed 660 mg in 24 hours with OTC products.
- Studies often used 500–550 mg as the first dose; prescription strengths may be more effective.

Comparative effectiveness:
- NSAIDs (naproxen, ibuprofen, aspirin) and the acetaminophen/aspirin/caffeine combination are evidence-based first-line options.
- Combining a triptan with naproxen (e.g., sumatriptan+naproxen) is more effective than either alone and reduces recurrence; ask a clinician if this is appropriate.

Safety and cautions:
- Avoid if you have a history of stomach/intestinal ulcers or bleeding, severe kidney disease, NSAID allergy, or in the third trimester of pregnancy. Use caution with cardiovascular disease, uncontrolled hypertension, anticoagulants, or other NSAIDs.
- Take with food/water to reduce stomach upset.
- To prevent medication-overuse headache, limit NSAID use to fewer than 15 days per month.

Seek medical advice if:
- Headaches are frequent (e.g., ≥4 days/month), prolonged, unusually severe, changing in pattern, or not responsive to OTC therapy.
- You experience neurologic red flags (new weakness, vision loss, confusion, “worst headache,” fever/neck stiffness).",unhelpful,helpful
qid_128,steam shower croup,Does steam from a shower help croup?,neutral,"Probably not. Studies have not shown that humidified air or shower steam meaningfully improves croup symptoms or outcomes. Some children may seem briefly calmer with warm humidity, but the effect is inconsistent and should not delay proven treatment.

What helps most:
- Keep the child calm and upright; crying worsens airway narrowing.
- Seek medical care for consideration of a single dose of steroid (e.g., dexamethasone), which reliably reduces symptoms and need for further care.
- For moderate-to-severe symptoms, medical teams may add nebulized epinephrine.

You can try for brief comfort if the child finds it soothing:
- Cool mist or a few minutes in cool night air may give short-lived relief in some cases, though evidence is limited.
- If you try bathroom humidity, avoid hot steam and scald risks; keep water warm, supervise closely, and limit to 10–15 minutes. Do not use boiling water or steam devices.

Go to urgent care or the emergency department if any of the following are present:
- Stridor (noisy breathing) at rest, significant chest retractions, rapid breathing, or worsening distress
- Drooling or difficulty swallowing, blue/gray color around lips, severe lethargy
- Signs of dehydration, very young age (<6 months), or known airway problems
- Symptoms not improving or recurring quickly after initial relief

Bottom line: Shower steam is not a reliable treatment for croup. Prioritize keeping the child calm and seeking timely medical evaluation for steroid therapy when appropriate.",unhelpful,unhelpful
qid_129,minoxidil balding hair growth,Can minoxidil treat hair loss?,neutral,"Yes. Minoxidil is an effective, first‑line treatment for androgenetic alopecia (pattern hair loss) in men and women.

How it helps:
- Prolongs the hair growth phase (anagen) and enlarges miniaturized follicles, slowing loss and promoting modest regrowth.
- Works best when follicles are still present (earlier disease; vertex/crown > frontal hairline). Not effective for scarring alopecias; limited benefit alone in alopecia areata.

What to expect:
- Shedding may increase in the first 2–8 weeks.
- Noticeable improvement typically by 3–6 months; continued gains up to ~12 months.
- Ongoing use is required; stopping leads to loss of benefit within 3–6 months.
- Some people do not respond.

How to use (topical):
- Men: 5% solution or foam, typically twice daily.
- Women: 5% foam once daily or 2% solution twice daily (per labeling).
- Apply to dry scalp; allow to dry; wash hands; avoid washing scalp for ~4 hours.

Side effects:
- Scalp irritation/itching, flaking; contact dermatitis (more with solutions containing propylene glycol).
- Unwanted facial/body hair.
- Rare: palpitations, dizziness, ankle swelling, headache.
- Avoid in pregnancy/breastfeeding; use caution with cardiovascular disease or uncontrolled hypertension.

Oral low‑dose minoxidil (off‑label):
- Option when topical is ineffective or not tolerated; can improve hair density in both sexes.
- Requires medical supervision; common side effect is generalized hypertrichosis; possible edema, tachycardia, blood pressure changes.

Combining therapies:
- Often more effective with finasteride/dutasteride (men) or spironolactone (women), and measures like microneedling or ketoconazole shampoo.

When to seek evaluation:
- No improvement after 6–12 months, rapid or patchy loss, signs of scarring, or significant shedding; check for contributors such as thyroid disease, iron deficiency, nutritional issues, traction, or medications.

Bottom line: Minoxidil can meaningfully slow hair loss and stimulate regrowth in androgenetic alopecia, but results vary and require consistent, long‑term use.",helpful,helpful
qid_131,l-theanine supplements anxiety,Can l-theanine supplements reduce stress and anxiety?,neutral,"Short answer: Likely yes—L-theanine can modestly reduce stress and mild anxiety, but effects are small and not guaranteed.

What it is and how it may work:
- An amino acid from tea that crosses the blood–brain barrier.
- Modulates glutamate (reduces excitatory signaling) and may increase GABA and dopamine; often increases alpha-band EEG activity, consistent with relaxed alertness.
- Can dampen sympathetic responses (heart rate/blood pressure) in some contexts.

Evidence:
- Acute use: Single doses of 200–400 mg taken 30–60 minutes before a stressor often reduce subjective stress and sometimes heart rate or tension during lab stress tasks; effects last a few hours. Cortisol findings are mixed.
- Ongoing use: Small randomized trials (4–8 weeks, typically 200 mg/day) in healthy but stressed adults report modest improvements in self-rated anxiety, stress, and sleep quality versus placebo. Results are heterogeneous; some trials show little or no benefit.
- Clinical anxiety disorders: Evidence is limited; not established as monotherapy. It may be considered adjunctive, but standard therapies remain first-line.

Dosing and timing:
- As needed: 100–200 mg for situational stress; may repeat once after several hours if needed.
- Daily: 200 mg once or twice daily for 4–8 weeks for ongoing stress.
- With caffeine: 2:1 theanine:caffeine (e.g., 200 mg:100 mg) can improve focus and reduce caffeine “jitters.”
- Tea provides ~8–30 mg per cup—generally below therapeutic doses.

Safety:
- Generally well tolerated up to at least 400 mg/day; occasional headache, dizziness, or GI upset.
- May lower blood pressure slightly—use caution with antihypertensives or hypotension.
- Potential additive sedation with other calming agents; data in pregnancy/lactation are insufficient.
- Choose third-party–tested products for quality.

Bottom line:
- L-theanine is a reasonably safe option that can provide small, clinically modest reductions in stress and mild anxiety, with rapid onset for acute use and possible additional benefit over weeks. It should not replace evidence-based treatments for significant anxiety; seek professional care for persistent or impairing symptoms.",helpful,helpful
qid_132,inhaling steam common cold,Does inhaling steam help treat common cold?,neutral,"Short answer: Steam inhalation does not cure a common cold and has no proven effect on shortening its duration or preventing complications. Evidence from clinical trials is inconsistent and overall does not show meaningful improvement in overall cold symptoms. Any benefit is typically limited to brief, subjective relief of nasal congestion or mucus loosening while the steam is being inhaled.

Why it might feel helpful: Warm, humid air can temporarily moisten nasal passages and thin secretions, which may make breathing feel easier for a short period. This does not translate into faster recovery or reduced illness severity.

Risks: Burns and scalds (especially in children) are common with bowls of hot water or kettles; steam can also trigger bronchospasm in people with asthma or reactive airways. Hot, unclean humidifiers can aerosolize microbes or mineral dust.

If you choose to try it:
- Prefer a warm shower or a properly maintained, warm-mist or cool-mist humidifier rather than a bowl of boiling water.
- Keep devices out of children’s reach; avoid very hot steam.
- Limit sessions to a few minutes; stop if you feel dizzy, short of breath, or wheezy.
- Clean humidifiers daily and use distilled water to reduce contamination and mineral buildup.

Alternatives with better risk–benefit:
- Saline nasal sprays or irrigations for congestion.
- Short-term topical nasal decongestants (e.g., oxymetazoline for up to 3 days) or appropriate oral decongestants if safe for you.
- Adequate fluids, rest, analgesics/antipyretics for pain/fever.
- Honey for cough in adults and children >1 year.

Seek medical care for severe, prolonged, or worsening symptoms; high fever; chest pain; shortness of breath; dehydration; or if you’re in a high-risk group (e.g., severe asthma, immunocompromise).",unhelpful,unhelpful
qid_134,remove tick with vaseline,Can I remove a tick by covering it with Vaseline?,neutral,"No. Do not cover a tick with Vaseline (petroleum jelly), nail polish, alcohol, or use heat. These methods don’t reliably make ticks detach and can irritate them, increasing salivation/regurgitation and the risk of transmitting pathogens. They also delay removal, and longer attachment increases infection risk (e.g., Lyme risk rises notably after about 36–48 hours for blacklegged ticks; some infections can transmit sooner).

How to remove a tick safely:
- Use fine-tipped tweezers. Grasp the tick as close to the skin as possible, targeting the mouthparts, not the swollen body.
- Pull upward with steady, even pressure. Don’t twist, jerk, or crush the tick.
- If the mouthparts break off and remain in the skin, try to remove them like a splinter. If you can’t, leave them; the skin will usually expel them.

After care:
- Clean the bite area and your hands with soap and water or alcohol.
- Dispose of the tick by submerging in alcohol, sealing in tape/a bag, or flushing. Don’t crush it with fingers.
- Consider taking a photo or saving the tick for identification.

Monitor for symptoms for 30 days:
- Expanding red rash (especially a bull’s-eye), fever, chills, headache, fatigue, muscle/joint aches, swollen lymph nodes. Seek medical care if these occur.

Ask about preventive antibiotics if all apply: it’s a blacklegged (Ixodes) tick in a Lyme-endemic area, attachment likely ≥36 hours, removal was within the past 72 hours, and you have no doxycycline contraindications. This does not apply to most other tick species.

Seek medical help if you can’t remove the tick, the bite looks infected, you’re pregnant or immunocompromised, or you develop severe symptoms (e.g., high fever, severe headache, or a rapidly spreading rash suggestive of Rocky Mountain spotted fever).",unhelpful,unhelpful
qid_136,dates iron deficiency anemia,Can eating dates help manage iron deficiency anemia?,neutral,"Short answer: Dates can contribute a small amount of iron but are unlikely to correct or meaningfully manage iron deficiency anemia on their own.

Key points:
- Iron content: Dates provide roughly 0.9–1.3 mg iron per 100 g (about 5–7% of the 18 mg Daily Value). One Medjool date (~24 g) has ~0.2–0.3 mg. You would need impractically large amounts to meet daily needs or replenish depleted stores.
- Bioavailability: The iron in dates is non-heme, which is absorbed poorly (about 2–20%) compared with heme iron from animal sources (15–35%).
- Vitamin C: Dates are low in vitamin C, so they don’t enhance their own iron absorption. Pairing dates with vitamin C–rich foods (citrus, berries, bell peppers) can help absorb non-heme iron from the whole meal.
- Practical role: Dates can be a nutritious adjunct snack and may help with energy intake, but they should not be relied upon to treat iron deficiency anemia. Their high natural sugar and calories make large intakes undesirable, especially if glycemic control is a concern.

What works better:
- Diet: Include heme iron (red meat, poultry, seafood) and iron-rich plant sources (legumes, tofu, lentils, pumpkin seeds, leafy greens, fortified cereals). Combine with vitamin C and avoid tea/coffee and high-calcium foods/supplements around iron-rich meals.
- Supplements: Oral iron (e.g., ferrous sulfate providing ~40–65 mg elemental iron per dose, often taken on alternate days) is typically required to correct deficiency; intravenous iron may be needed in some cases.

When to seek care:
- If you suspect iron deficiency anemia, get evaluated (CBC, ferritin, CRP, +/- transferrin saturation) to confirm the diagnosis and identify the cause (e.g., menstrual loss, GI bleeding, malabsorption). Management should be guided by a clinician.

Bottom line: Enjoy dates as part of a balanced, iron-conscious diet, but they are not an effective primary treatment for iron deficiency anemia.",helpful,unhelpful
qid_137,vinegar fish bone stuck,Will drinking vinegar dissolve a stuck fish bone?,neutral,"No. Drinking vinegar will not safely or effectively dissolve a fish bone stuck in your throat or esophagus. Household vinegar (about 5% acetic acid) is far too weak, and the bone (mostly calcium phosphate) would need prolonged direct soaking to soften—conditions that don’t occur in the throat. Vinegar can also irritate inflamed tissue and increase aspiration risk.

What to do:
- If you briefly felt a prick and can swallow normally, the bone may have already passed and left a scratch. Warm liquids can soothe; symptoms usually improve within 24–48 hours.
- If you feel a distinct, persistent “stuck” sensation (especially one-sided throat pain when swallowing), avoid trying to force it down with bread, rice, or other solids—these can lodge it deeper or cause injury. Don’t use vinegar or other caustic liquids.
- If you can clearly see a small bone on a tonsil and can easily grasp it with clean tweezers without probing, you can try gentle removal. Stop if not easily accessible.

Seek urgent medical care (ED or ENT) if any of the following are present or symptoms persist beyond several hours:
- Inability to swallow saliva, drooling, or significant pain on swallowing
- Ongoing feeling of something stuck after eating fish
- Neck or chest pain, swelling, hoarseness, coughing/choking, wheezing, or shortness of breath
- Vomiting blood or blood-streaked saliva, fever

Why prompt care matters: Fish bones are sharp and can cut or perforate the throat or esophagus, leading to infection or other complications. Early removal with appropriate tools (laryngoscopy/endoscopy) is quick and safer than home remedies.",unhelpful,unhelpful
qid_139,copper bracelets reduce pain,Can copper bracelets reduce the pain of arthritis?,neutral,"Short answer: No. Copper bracelets have not been shown to reduce arthritis pain or inflammation beyond placebo.

Key evidence:
- Multiple randomized, placebo-controlled trials (including crossover designs) found no meaningful differences in pain, stiffness, physical function, grip strength, medication use, or inflammatory markers (ESR/CRP) when comparing copper bracelets with placebo (non-copper) devices in both rheumatoid arthritis and osteoarthritis.
- Claims that copper absorbed through the skin reduces joint inflammation are unsupported. Skin absorption is minimal, and common forms of arthritis are not caused by copper deficiency.

Safety:
- Generally low risk, but can cause skin irritation, contact dermatitis, or green skin staining from copper salts. People with known metal allergies should avoid them.
- Copper bracelets without magnets won’t affect pacemakers; however, some “copper magnetic” products contain magnets, which can interfere with implanted devices and should be kept away from them.

Bottom line:
- Any perceived benefit is likely due to placebo effects. Copper bracelets should not replace evidence-based treatments.

Evidence-based options:
- Osteoarthritis: exercise (especially strength and low-impact aerobic), weight management, topical NSAIDs (e.g., diclofenac), oral NSAIDs if appropriate, hand splints, heat/cold therapy, and physical therapy. Injections or surgery may be considered for selected cases.
- Rheumatoid arthritis: early evaluation by a rheumatologist and disease-modifying therapy (e.g., methotrexate, targeted/biologic agents) to control inflammation and prevent joint damage; NSAIDs or short courses of steroids for symptom relief; ongoing exercise and hand therapy.

If you choose to wear a copper bracelet and feel it helps, it’s likely harmless, but ensure you continue proven treatments and discuss pain control options with your clinician.",unhelpful,unhelpful
qid_140,fungal cream athlete's foot,Can fungal creams treat athlete's foot?,neutral,"Yes. Topical antifungal creams are first-line and usually cure athlete’s foot (tinea pedis), especially the common interdigital type.

Effective options (OTC unless noted):
- Terbinafine 1% (cream/gel/spray): once daily for 1 week (often fastest, high cure rates).
- Butenafine 1%: once daily for 2 weeks.
- Clotrimazole 1% or miconazole 2%: twice daily for 2–4 weeks.
- Alternatives: Naftifine, ciclopirox, tolnaftate.

How to use:
- Wash and thoroughly dry feet, especially between toes.
- Apply a thin layer to affected skin and 1–2 cm beyond the margin.
- Use for the full labeled course; do not stop at first improvement. Wash hands after application.
- If skin is very scaly/thick (moccasin-type), consider a keratolytic (e.g., urea 20–40%) alongside antifungal to improve penetration.

Expectations:
- Itching and redness often improve in a few days; complete clearance may take 1–4 weeks depending on product and severity.
- Recurrence is common; continue good foot care to prevent relapse.

Adjunctive measures to prevent recurrence:
- Keep feet dry; change socks daily; choose breathable shoes; rotate pairs to dry fully.
- Use antifungal powder/spray in shoes and on feet.
- Wear sandals in communal wet areas (locker rooms, pools).
- Treat coexisting toenail fungus when present, as it can reinfect skin.

When creams may not be enough:
- Extensive plantar (“moccasin”) disease, chronic/recurrent cases, involvement of nails, or immunosuppression may require prescription oral antifungals (e.g., terbinafine, itraconazole) under clinician guidance.

Avoid:
- Steroid-antifungal combination creams unless specifically directed; steroids alone can worsen fungal infections.

Seek medical care if:
- No improvement after 2 weeks of terbinafine/butenafine or 4 weeks of azoles.
- Severe cracking, pain, swelling, pus, fever, diabetes, poor circulation, or suspected bacterial infection.

Side effects are usually mild (local irritation or burning). Topical antifungals are generally safe for most adults and children; if pregnant, clotrimazole or miconazole are commonly used.",helpful,helpful
qid_143,tylenol osteoarthritis,Does Tylenol manage the symptoms of osteoarthritis?,neutral,"Yes—Tylenol (acetaminophen) can help manage osteoarthritis symptoms, but its benefit is modest. It reduces pain for some people, especially with mild OA, but it lacks anti-inflammatory effects and does not slow disease progression. On average, pain relief is small and less than with nonsteroidal anti-inflammatory drugs (NSAIDs).

When it may be appropriate:
- If pain is mild.
- If NSAIDs are not tolerated or are contraindicated (e.g., history of ulcers/GI bleeding, kidney disease, certain cardiovascular risks, or anticoagulant use).
- As a short-term trial to gauge benefit.

Dosing (general adult guidance):
- 325–650 mg every 4–6 hours or 1,000 mg every 6–8 hours.
- Do not exceed 3,000 mg/day without clinician guidance; absolute maximum 4,000 mg/day. Use lower limits in older adults, liver disease, or regular alcohol use.
- Check all medications to avoid duplicate acetaminophen (many cold/flu products contain it).

Safety considerations:
- Main risk is liver toxicity with high doses, chronic overuse, or alcohol use.
- Can increase INR with warfarin, especially >2 g/day for several days—monitor closely.
- Generally gentler on the stomach, kidneys, and heart than NSAIDs.

If pain control is inadequate:
- Topical NSAIDs (often more effective for knee/hand OA with fewer systemic risks).
- Oral NSAIDs if appropriate risk profile.
- Other options: duloxetine, topical capsaicin, intra-articular corticosteroid injections (knee), and core non-drug measures (exercise/physical therapy, weight loss if overweight, strengthening, braces/orthotics, heat/cold).

Bottom line: Tylenol can manage OA pain for some, but expect only modest relief. If symptoms persist or function remains limited, consider more effective alternatives (especially topical/oral NSAIDs if safe) alongside non-pharmacologic therapies.",helpful,helpful
qid_144,music therapy depression,Can music therapy help manage depression?,neutral,"Yes. Evidence from multiple randomized trials and meta-analyses shows that music therapy can reduce depressive symptoms, especially as an add-on to standard treatments (medication and psychotherapy). Effects are typically small to moderate and clinically meaningful for many people; benefits often include improved mood, motivation, anxiety, and quality of life. It is not a stand-alone cure, and results vary by individual, modality, and setting.

How it helps
- Emotional regulation and reward activation: engaging music can boost positive affect and reduce anhedonia.
- Reduced rumination and improved mindfulness/relaxation.
- Social connection and support (especially in group or choir formats).
- Behavioral activation: structured, enjoyable activity that builds routine.

Approaches
- Active: singing, instrument playing, improvisation, drumming, songwriting.
- Receptive: therapist-guided listening, imagery, and discussion.
- Typical dosing: 1–3 sessions/week over 6–12 weeks; benefits may appear within weeks.

Who may benefit
- Adults with major depressive disorder, perinatal depression, older adults, adolescents, and people with medical comorbidities (e.g., cancer, stroke, chronic pain). Group-based singing and choir programs show mood and social benefits, particularly in older adults.

Safety and limitations
- Generally safe with minimal side effects. Music can evoke strong memories; therapists tailor content to avoid triggering material.
- For bipolar disorder, avoid sleep disruption and high-arousal music late at night; monitor for mood elevation.
- Evidence quality varies, with heterogeneity in methods; long-term durability is less certain.

Access
- Seek a credentialed music therapist (e.g., MT-BC in the U.S., HCPC-registered in the UK). Telehealth options exist. Insurance coverage is variable.
- Self-directed strategies (not a substitute for therapy): use preferred, mood-congruent playlists and gradually shift toward desired mood (iso principle), sing or play an instrument, join a community choir, combine with light exercise or relaxation breathing.

Important
- Music therapy works best alongside established care. If you have worsening depression or suicidal thoughts, seek urgent professional help immediately.",helpful,helpful
qid_146,vitamin d asthma attacks,Can vitamin D supplements improve the management of asthma?,neutral,"Short answer: Not routinely. Vitamin D supplementation has not consistently improved day-to-day asthma control, lung function, or symptoms in randomized trials. Several large, recent trials show no overall benefit. Earlier meta-analyses suggested fewer severe exacerbations (e.g., needing oral steroids or hospitalization), but this effect appears limited to people with marked vitamin D deficiency at baseline.

Key points:
- Most patients: No clear improvement in symptoms, FEV1, or inhaled steroid use with vitamin D.
- Exacerbations: Possible reduction in severe exacerbations in those with low baseline 25(OH)D, particularly severe deficiency (<25 nmol/L ≈ 10 ng/mL). Benefit is uncertain or absent in patients with sufficient levels.
- Children: Evidence is mixed and generally does not show consistent benefit; a deficiency-specific effect is possible but unproven.
- Guidelines: Major asthma guidelines do not recommend vitamin D for asthma management routinely. Treat deficiency for general health; do not replace standard asthma therapies.

Who might consider testing/supplementation:
- Patients with frequent exacerbations, severe asthma, or risk factors for deficiency (limited sun exposure, darker skin, obesity, malabsorption, chronic kidney/liver disease, pregnancy, older age).
- If deficient, repletion is reasonable and may reduce exacerbation risk while benefiting bone health.

Dosing and safety:
- Typical maintenance: 1,000–2,000 IU/day cholecalciferol for adults; children often 600–1,000 IU/day. Deficiency may require short-term higher-dose repletion per local guidance.
- Monitor 25(OH)D and calcium if using high doses or in patients with comorbidities. Avoid chronic intakes >4,000 IU/day without supervision due to risks (hypercalcemia, kidney stones).

Bottom line: Vitamin D is not a standalone or routine asthma treatment. Correct deficiency when present; any asthma-specific benefit is most likely in those who start out markedly deficient. Continue guideline-directed asthma therapy.",helpful,unhelpful
qid_149,hip osteoarthritis at-home exercises,Will at-home exercises manage hip osteoarthritis pain?,neutral,"Yes. Exercise is a first-line treatment for hip osteoarthritis, and well-designed at-home programs often reduce pain and improve mobility and quality of life. Benefits typically appear within 4–8 weeks and are maintained with continued practice.

Core components to include:
- Strengthening (2–3 days/week): 2–3 sets of 8–12 reps. Focus on glutes and hip stabilizers.
  Examples: bridges, sit-to-stand from a chair, side-lying hip abduction, clamshells, standing hip extension with a band, mini-squats, step-ups.
- Flexibility/ROM (daily): gentle stretches held 20–30 seconds.
  Examples: hip flexor, hamstring, quadriceps, piriformis/figure-4, calf; gentle hip rotations.
- Low-impact aerobic (3–5 days/week, total ~150 min/week): brisk walking on level ground, stationary cycling, swimming/aquatics, elliptical.
- Balance/neuromuscular (2–3 days/week): single-leg stand (with support as needed), tandem stand/walk, side stepping.

Pain-guided progression:
- Mild, short-lived soreness (≤2/10 and resolves within 24 hours) is acceptable.
- If pain >5/10 during or lasting >24–48 hours after, reduce load (fewer reps, smaller range, slower pace) or switch to lower-impact options.
- Avoid deep end-range, high-impact, or twisting when flared.

Practical tips:
- Warm up 5–10 minutes; use proper footwear.
- Progress gradually (about 5–10% per week).
- Consider resistance bands and a stable surface/chair for support.
- Heat before exercise to ease stiffness; ice after if sore.
- If walking hurts, try cycling or water-based exercise.

Adjuncts that enhance results:
- Weight management if overweight.
- Using a cane in the opposite hand to the painful hip during flares.
- Topical NSAIDs or acetaminophen as appropriate; discuss with a clinician if needed.

When to seek professional input:
- Persistent night/rest pain, swelling, or marked worsening despite 2–3 weeks of modified exercise.
- Sudden inability to bear weight, fever, trauma, or new neurological symptoms.
- A short course of supervised physical therapy can personalize and fine-tune a home program; many people do well with home-based plans once taught.

Bottom line: Consistent at-home exercises are effective for managing hip OA pain and function when tailored, progressed sensibly, and maintained long term.",helpful,helpful
