qid,query,description,tone,llm_response,gt_stance,predicted_stance
qid_1,Vitamin D COVID-19,Can vitamin D cure COVID-19?,neutral,"No. Vitamin D does not cure COVID-19.

What the evidence shows:
- Treatment of acute COVID-19: Randomized controlled trials of vitamin D3 (cholecalciferol) or calcifediol in hospitalized patients have largely found no meaningful reduction in mortality, need for mechanical ventilation, ICU admission, or length of stay. A few small or methodologically limited studies suggested possible benefits, but larger, better-designed trials have not confirmed a treatment effect.
- Prevention: Observational studies link low vitamin D status with higher risk of infection and worse outcomes, but this association does not prove benefit from supplementation. Community trials of routine vitamin D supplementation have generally not reduced the risk of getting COVID-19. Any preventive effect, if present, appears small and most evident (and still uncertain) in people who are frankly deficient.
- Long COVID: Evidence is limited and inconsistent; no reliable proof that vitamin D prevents or treats post-COVID conditions.

Guidelines:
- Major health agencies (e.g., NIH, NICE) do not recommend vitamin D to treat or prevent COVID-19 outside clinical trials. Maintaining adequate vitamin D is advised for bone and general health, not as a COVID-19 therapy.

Safety and practical points:
- Correcting deficiency is reasonable for overall health. Typical daily intakes: 600–800 IU (15–20 mcg) for most adults; 1,000–2,000 IU is commonly used to maintain sufficiency. Avoid high-dose “megadoses” unless medically supervised; excessive vitamin D can cause hypercalcemia, kidney stones, and other harms.
- Vitamin D is not a substitute for proven COVID-19 measures: vaccination, timely testing, masks/ventilation in high-risk settings, and authorized antivirals for eligible patients.

Bottom line: Vitamin D cannot cure COVID-19. Use it to maintain adequate levels if deficient, but rely on evidence-based prevention and treatments for COVID-19.",unhelpful,unhelpful
qid_2,Vitamin C COVID-19,Can vitamin C cure COVID-19?,neutral,"No. Vitamin C (ascorbic acid) does not cure COVID-19.

What the evidence shows:
- Outpatient trials of high-dose oral vitamin C (alone or with zinc) did not shorten illness duration or improve symptoms meaningfully.
- In hospitalized and critically ill patients, high-dose intravenous vitamin C has not consistently reduced death, need for ventilation, or length of stay. Results across studies are mixed to negative, and any signals of benefit are uncertain.
- Major guidelines do not recommend vitamin C to treat or prevent COVID-19 outside clinical trials.

Role of vitamin C:
- It supports normal immune function, and severe illness can lower vitamin C levels. Maintaining adequate intake is reasonable for general health, but this has not translated into clear clinical benefits for COVID-19.

Safety:
- Usual dietary amounts are safe. High doses can cause diarrhea, nausea, and abdominal cramps.
- Potential risks with large or prolonged doses include kidney stones and oxalate nephropathy, iron overload in susceptible people (e.g., hemochromatosis), interference with certain lab tests and home glucose readings, and hemolysis risk in G6PD deficiency.
- The tolerable upper intake level for adults is 2,000 mg/day.

What does help:
- Vaccination and staying up to date with boosters reduce risk of severe disease.
- For eligible patients, authorized antivirals (e.g., nirmatrelvir/ritonavir or remdesivir) and evidence-based inpatient care (e.g., corticosteroids for hypoxia) improve outcomes.

Bottom line: Vitamin C is not a cure for COVID-19 and should not replace proven preventive measures or treatments. Maintaining a balanced diet with adequate vitamin C is fine, but using vitamin C specifically to treat or prevent COVID-19 has not shown reliable benefit.",unhelpful,unhelpful
qid_4,Ibuprofen COVID-19,Can ibuprofen worsen COVID-19?,neutral,"Short answer: Current evidence does not show that ibuprofen worsens COVID-19.

Key points:
- Large observational studies and multiple systematic reviews/meta-analyses (2020–2023) found no increased risk of SARS‑CoV‑2 infection, hospitalization, ICU admission, mechanical ventilation, or death among users of ibuprofen or other NSAIDs.
- Major health authorities (WHO, FDA, EMA, NICE) state there is no evidence that ibuprofen aggravates COVID-19 and it can be used for fever and pain as directed.
- Early theoretical concerns (e.g., ACE2 upregulation, impaired immune response) have not translated into worse clinical outcomes.

Practical guidance:
- It is reasonable for most people with COVID-19 to use ibuprofen for symptom relief.
- Consider acetaminophen (paracetamol) first if you have higher NSAID risk or contraindications: chronic kidney disease, history of peptic ulcer/GI bleeding, heart failure, significant cardiovascular disease, uncontrolled hypertension, anticoagulant use, or older age.
- Avoid NSAIDs in pregnancy unless advised by a clinician; particularly avoid after 20 weeks’ gestation due to fetal renal/oligohydramnios risk (contraindicated in the third trimester).
- Maintain hydration; NSAIDs can precipitate kidney injury in dehydration or when combined with ACE inhibitors/ARBs plus diuretics (“triple whammy”).
- Use the lowest effective dose for the shortest necessary duration. Do not combine multiple NSAIDs. Stop and seek care for chest pain, shortness of breath, black/tarry stools, vomiting blood, markedly reduced urine output, or persistent high fever.
- Children older than 6 months can generally use ibuprofen for fever/pain; dose by weight. Avoid aspirin in children.

Do not stop prescribed NSAIDs solely because of COVID-19 without consulting your clinician.",unhelpful,helpful
qid_6,Ginger COVID-19,Can Ginger cure COVID-19?,neutral,"No. Ginger does not cure COVID-19 and there is no credible clinical evidence that it prevents infection, clears the virus, or shortens the illness. Laboratory and traditional medicine data suggest ginger has anti-inflammatory and anti-nausea properties, so it may provide mild symptomatic relief (for example, soothing sore throat or nausea), but it is not an antiviral treatment against SARS‑CoV‑2 at doses people can safely consume.

Evidence-based ways to reduce COVID-19 risk and severity:
- Vaccination and recommended boosters to lower the risk of severe disease, hospitalization, and death.
- Timely antiviral therapy for eligible patients at higher risk of complications, started as soon as possible after symptom onset: nirmatrelvir/ritonavir (Paxlovid) is first-line; remdesivir is an alternative; molnupiravir is a fallback when others aren’t suitable.
- Supportive care: rest, hydration, fever/pain reducers (e.g., acetaminophen or ibuprofen, unless contraindicated).

If you develop warning signs—difficulty breathing, persistent chest pain, new confusion, bluish lips/face, inability to stay awake—or are at higher risk (older age, chronic conditions, pregnancy, immunocompromise), seek medical care promptly.

Safety notes on ginger:
- Generally safe in culinary amounts; higher doses can cause heartburn, reflux, or GI upset.
- May interact with blood thinners (e.g., warfarin), antiplatelets, and affect blood sugar or blood pressure; consult a clinician if you have relevant conditions or take such medications.

You may use ginger as a comfort measure, but do not rely on it to treat or prevent COVID-19. Use proven preventive measures and seek appropriate medical care when indicated.",unhelpful,unhelpful
qid_7,5G COVID-19,Can 5G antennas cause COVID-19?,neutral,"No. 5G antennas cannot cause COVID-19.

COVID-19 is an infectious disease caused by the SARS-CoV-2 virus. Infection occurs when viral particles from an infected person enter another person’s respiratory tract (primarily via aerosols and droplets), not from exposure to radio waves.

5G uses radiofrequency (RF) electromagnetic waves in the non-ionizing range (typically ~600 MHz–6 GHz and 24–40+ GHz). Non-ionizing RF cannot break chemical bonds or damage DNA; its only well-established biological effect at high enough power is heating. Public exposures from base stations and consumer devices are far below regulatory limits set to prevent even measurable heating.

RF signals transmit information, not matter; they cannot create, carry, or activate viruses. There is no plausible biophysical mechanism by which 5G RF exposure could generate a viral pathogen or directly cause a viral infection.

Epidemiological evidence contradicts the claim: substantial COVID-19 outbreaks occurred in many regions before 5G was deployed or in places without 5G coverage, and infection rates do not track 5G rollout patterns.

Comprehensive reviews of RF exposure research have not found credible evidence that typical environmental RF levels impair the immune system in a way that would cause viral infections like COVID-19.

Bottom line: 5G does not cause COVID-19. COVID-19 prevention relies on measures such as vaccination, good ventilation, masking in high-risk settings, testing, and staying home when ill.",unhelpful,helpful
qid_8,Herbal tea COVID-19,Can herbal tea prevent COVID-19?,neutral,"Short answer: No. There is no credible clinical evidence that any herbal tea prevents COVID-19 infection.

Key points:
- No herbal tea or herb (e.g., echinacea, elderberry, green tea/EGCG, licorice, ginger, turmeric) has been proven in well-designed human trials to prevent SARS‑CoV‑2 infection. Laboratory or test‑tube antiviral activity does not translate to real‑world protection.
- Some teas may provide symptomatic comfort (warm fluids can soothe sore throat, support hydration), but this is not prevention and does not reduce transmission risk.

What does work for prevention:
- Up‑to‑date COVID‑19 vaccination/boosters to reduce infection, severe illness, and hospitalization.
- High‑quality masks or respirators in crowded/poorly ventilated settings, improved ventilation/filtration, staying home when sick, hand hygiene, and timely testing.

Safety and interaction considerations:
- “Natural” does not mean risk‑free. Certain herbs can interact with medicines or cause side effects.
  - St. John’s wort lowers levels of many drugs (including some COVID antivirals like nirmatrelvir/ritonavir).
  - Licorice (glycyrrhizin) can raise blood pressure and lower potassium.
  - High‑dose green tea extracts can affect the liver in rare cases.
- Quality of herbal products varies; contamination and inconsistent dosing are possible.
- Pregnant or breastfeeding individuals and people with chronic conditions should be cautious with herbal products.

Bottom line: Herbal tea can be a comforting beverage but should not be relied upon to prevent COVID-19. For meaningful risk reduction, use proven measures (vaccination, masking, ventilation) and seek prompt medical care for treatment if infected and eligible.",unhelpful,unhelpful
qid_9,Convalescent plasma COVID-19,Can convalescent plasma cure COVID-19?,neutral,"Short answer: No. Convalescent plasma (CP) is not a cure for COVID-19.

What the evidence shows:
- Hospitalized, general population: Large randomized trials found no meaningful benefit (no reduction in mortality, need for ventilation, or time to recovery) when CP was given late in illness or with low antibody titers.
- Early outpatient use: When high-titer CP is given very early (ideally within 5–7 days of symptom onset) to seronegative, mild-to-moderate cases, some trials show a modest reduction in progression to hospitalization. Benefits diminish rapidly as time from symptom onset increases.
- Immunocompromised patients: Evidence (randomized and observational) suggests CP can improve viral clearance and may reduce mortality, especially when high-titer units are used; repeated dosing is sometimes used. This group lacks robust antibody responses and is the main population where CP remains clinically considered.

Key requirements for potential benefit:
- High neutralizing antibody titer in the donated plasma.
- Early administration before endogenous antibodies develop or in patients unlikely to mount them (e.g., B‑cell depletion, transplant, hematologic malignancy).
- Matching to circulating variants can matter, though polyclonal CP tends to retain broader activity than many monoclonal antibodies.

Safety:
- Generally well tolerated with modern screening. Risks include allergic reactions, transfusion-associated circulatory overload (TACO), transfusion-related acute lung injury (TRALI), and rare infectious risks. Careful patient selection is important.

Guidelines and policy (summarized):
- Not recommended for routine use in immunocompetent patients, especially when hospitalized late in disease.
- May be considered for immunocompromised patients and for early disease when other effective antivirals are unavailable or contraindicated.
- In the U.S., high-titer CP has emergency authorization primarily for immunosuppressed patients.

Bottom line: Convalescent plasma does not cure COVID-19. It may offer modest, context-dependent benefit—mainly when high-titer units are given early or to immunocompromised patients—and should be seen as an adjunct, not a replacement, for proven antivirals and supportive care.",unhelpful,unhelpful
qid_10,Pneumococcal vaccine COVID-19,Can pneumococcal vaccine prevent COVID-19?,neutral,"No. Pneumococcal vaccines (PCV13/15/20 and PPSV23) protect against Streptococcus pneumoniae, not SARS‑CoV‑2, and do not prevent COVID‑19 infection or transmission.

What they can do:
- Reduce the risk of pneumococcal pneumonia and invasive pneumococcal disease, including secondary bacterial infections that can occur after viral respiratory illnesses. This may lower complications, hospitalizations, or deaths due to bacterial coinfection in people who get COVID‑19, but it does not prevent COVID‑19 itself.
- There is no reliable evidence that pneumococcal vaccination provides non‑specific protection against SARS‑CoV‑2 or reduces COVID‑19 incidence; early observational signals were confounded.

Who should receive pneumococcal vaccination:
- All adults 65+ and adults 19–64 with certain chronic conditions or immunocompromise, per current guidelines (product choice/schedule depends on age and risk).
- Routine childhood immunization with a pneumococcal conjugate vaccine.

COVID‑19 prevention and protection:
- Use COVID‑19 vaccines (and boosters when eligible) for direct protection against SARS‑CoV‑2.
- Layered measures such as ventilation, high‑quality masks during surges, and staying home when ill further reduce risk.

Co‑administration:
- Pneumococcal and COVID‑19 vaccines can be given at the same visit at different injection sites; this is safe and maintains protection against both pathogens.

Bottom line: Pneumococcal vaccination does not prevent COVID‑19, but it is important for preventing serious pneumococcal disease and may reduce bacterial complications if you get a viral infection. For COVID‑19 prevention, get a COVID‑19 vaccine and follow standard risk‑reduction measures.",unhelpful,unhelpful
qid_13,Masks COVID-19,Can wearing masks prevent COVID-19?,neutral,"Yes. Masks reduce the risk of getting and spreading COVID-19, though they do not provide complete protection. They work by blocking respiratory particles that carry the virus, offering both source control (protecting others) and wearer protection.

Effectiveness depends on mask type, fit, consistency of use, and setting:
- Highest protection: Well-fitted respirators (N95, FFP2/KN95) with a tight seal. These filter fine particles efficiently under test conditions; real-world studies associate them with lower infection risk than surgical or cloth masks.
- Moderate protection: Surgical/procedure masks; performance improves with a mask brace or “knot-and-tuck” to reduce gaps.
- Lowest protection: Cloth masks; better if multi-layer, tight weave, and with a filter insert.

When masks help most:
- Indoors, crowded spaces, poor ventilation, prolonged close contact, high community transmission.
- Around vulnerable people or if you’re sick, recently exposed, or recovering.

Evidence:
- Laboratory and aerosol studies consistently show masks cut emitted and inhaled particles.
- Observational studies in healthcare, workplaces, schools, and communities generally find lower transmission where masking is used.
- Randomized trials in communities show mixed results overall; at least one large cluster trial found modest reductions with community masking (particularly surgical masks), especially in older adults. The totality of evidence supports risk reduction, not elimination.

Proper use:
- Ensure a snug fit over nose and mouth with minimal gaps; avoid masks with exhalation valves.
- Handle by straps, perform hand hygiene, replace if wet/dirty; wash reusable cloth masks.
- Choose respirators for higher-risk situations; combine masking with ventilation, vaccination, testing, and staying home when sick for best protection.

Safety:
- Generally safe for most people; not recommended for children under 2 or anyone who cannot remove a mask without help. No credible evidence of harmful CO2 buildup in healthy wearers.

Bottom line: Wearing a well-fitted, high-filtration mask substantially lowers the chance of COVID-19 transmission, especially in high-risk settings, but it should be used alongside other preventive measures.",helpful,helpful
qid_14,Drinking cow urine COVID-19,Can drinking cow urine cure COVID-19?,neutral,"No. Drinking cow urine does not cure or prevent COVID-19. There is no credible clinical evidence that it has antiviral effects against SARS-CoV-2, and health authorities do not recommend it.

Risks:
- Potential infections from pathogens that can be present in animal urine (e.g., Leptospira causing leptospirosis; Coxiella burnetii causing Q fever), as well as bacterial contamination from handling.
- Gastrointestinal illness, allergic reactions, and possible kidney/liver strain.
- Delaying proven care, which can worsen outcomes.

What does work:
- Vaccination and staying up to date with boosters markedly reduce severe disease and death.
- Early antiviral treatment for those at risk of severe illness, started within 5–7 days of symptom onset:
  - Nirmatrelvir/ritonavir (Paxlovid) orally, first-line for most eligible adults.
  - Remdesivir (3-day intravenous course) if oral therapy isn’t suitable.
  - Molnupiravir may be considered when preferred options are unavailable or contraindicated.
- For hospitalized patients needing oxygen: corticosteroids (e.g., dexamethasone) and guideline-directed supportive care; anticoagulation as indicated.
- Most monoclonal antibodies used earlier have limited or no activity against current variants; follow up-to-date local guidance.

Supportive measures:
- Isolate when sick, test promptly, improve ventilation, wear a well-fitted mask around others, and maintain hand hygiene.
- Manage symptoms with rest, fluids, and antipyretics (e.g., acetaminophen/ibuprofen), unless contraindicated.

Seek urgent care for warning signs: trouble breathing, persistent chest pain, confusion, inability to stay awake, or bluish lips/face.

Bottom line: Cow urine is ineffective and potentially harmful; rely on vaccines, timely antivirals, and evidence-based care.",unhelpful,unhelpful
qid_15,Social Distancing COVID-19,Can social distancing prevent COVID-19?,neutral,"Short answer: Social distancing alone cannot guarantee you won’t get COVID-19, but it significantly reduces risk and helps prevent transmission at the population level.

Why it works:
- SARS-CoV-2 spreads mainly via respiratory droplets and short-range aerosols during close, prolonged contact. Increasing distance lowers the concentration you inhale.
- Distancing reduces opportunities for superspreading events in crowded settings.

Evidence:
- Multiple studies and meta-analyses have found that keeping at least about 1 meter (3 feet) from others substantially reduces infection risk; greater distances add more protection.
- Communities implementing distancing measures (e.g., limiting gatherings, reducing occupancy) consistently saw slower case growth and lower transmission rates, especially before widespread immunity.

Limitations:
- It is not foolproof, particularly indoors with poor ventilation where aerosols can travel beyond 1–2 meters.
- Household and close-contact settings still carry high risk.
- More transmissible variants (e.g., Omicron and its descendants) reduce the relative protection from distancing alone.

Best use (layered approach):
- Combine distancing with vaccination/boosters, good ventilation/filtration, wearing a well-fitted high-quality mask in crowded indoor spaces, testing when exposed or symptomatic, and staying home when ill.
- Shorten the duration of interactions, choose outdoor or well-ventilated venues, and avoid crowded, noisy environments where people speak loudly.

Bottom line:
- Social distancing helps prevent COVID-19 transmission by markedly lowering exposure risk, but it does not provide complete protection on its own. It is most effective as part of a multi-layer strategy, especially in indoor or high-prevalence settings and for protecting high-risk individuals.",helpful,helpful
qid_16,Vinegar COVID-19,Can vinegar prevent COVID-19?,neutral,"No. Vinegar (household acetic acid, ~5%) does not prevent COVID-19 when ingested, gargled, inhaled/steam-inhaled, applied to the nose, or used on skin. There is no clinical evidence it reduces infection risk, severity, or transmission. Major health authorities do not recommend vinegar for COVID-19 prevention or treatment.

As a cleaner, vinegar can remove dirt and some microbes, but it is not a reliable disinfectant against viruses like SARS‑CoV‑2. It is not on approved lists of disinfectants for COVID-19. For surface disinfection, use products proven to inactivate the virus (e.g., 70% alcohol, diluted bleach per label, hydrogen peroxide, or EPA-registered disinfectants) and follow contact times.

Potential harms:
- Gargling or inhaling vinegar can irritate or damage the throat and lungs and worsen asthma.
- Frequent use can erode tooth enamel and irritate the esophagus/stomach.
- Never mix vinegar with bleach; it releases toxic chlorine gas.

Effective ways to reduce COVID-19 risk:
- Stay up to date with vaccination and recommended boosters.
- Wear a well-fitting high-quality mask in crowded or poorly ventilated indoor spaces.
- Improve ventilation and filtration; prefer outdoor gatherings when possible.
- Test when symptomatic or after exposure; isolate if positive.
- Practice hand hygiene; avoid close contact when sick.
- Seek timely treatment (e.g., antivirals) if at higher risk and infected.

Bottom line: Vinegar is not a preventive or treatment for COVID-19; rely on evidence-based measures instead.",unhelpful,unhelpful
qid_18,Lopinavir-ritonavir COVID-19,Can lopinavir-ritonavir cure COVID-19?,neutral,"No. Lopinavir–ritonavir (Kaletra) has not been shown to cure or improve outcomes in COVID-19.

Evidence: Large randomized trials in hospitalized patients found no reduction in mortality, need for mechanical ventilation, time to clinical improvement, or length of hospital stay versus standard care; trial arms were stopped for futility. Studies in earlier, mild disease also failed to show meaningful benefit. Apparent advantages in small combination regimens likely reflected the effects of added drugs (e.g., interferon), not lopinavir–ritonavir.

Why it doesn’t work: It has weak activity against the SARS‑CoV‑2 main protease at drug exposures that are not safely achievable in humans, and its pharmacokinetics (high protein binding, limited tissue penetration) further limit antiviral effect.

Guidelines: Major health organizations recommend against using lopinavir–ritonavir for COVID‑19 outside clinical trials.

Risks: Gastrointestinal intolerance, liver enzyme elevations/hepatotoxicity, potential QT prolongation with interacting agents, and numerous drug–drug interactions due to strong CYP3A inhibition.

Important distinction: Lopinavir–ritonavir (an HIV protease inhibitor combo) is not the same as nirmatrelvir–ritonavir (Paxlovid). Paxlovid has proven benefit in early COVID‑19 for high‑risk outpatients; lopinavir–ritonavir does not.",unhelpful,unhelpful
qid_20,UV light COVID-19,Can exposure to UV light prevent COVID-19?,neutral,"Short answer: No. Exposing your body to UV light (sunlight, tanning beds, handheld UV lamps) does not prevent or treat COVID-19 and can cause serious harm (skin cancer, eye injury, burns). Do not use UV devices on skin or to “sterilize” hands.

What UV can do:
- UV-C light (especially 254 nm) can inactivate SARS‑CoV‑2 on surfaces and in air by damaging viral RNA. When correctly engineered and operated, UV germicidal irradiation (UVGI) systems—such as upper-room UVGI or UV in HVAC ducts—can reduce airborne virus levels and lower transmission risk as part of a layered strategy.
- Enclosed UV-C devices can disinfect objects or unoccupied rooms between uses.

Limits and safety:
- UV-C is hazardous to eyes and skin; direct exposure should be avoided. Room UV-C systems must be professionally designed to keep occupied zones within safety limits.
- “Far‑UVC” (around 222 nm) is promising for use in occupied spaces at very low doses, but long‑term eye/skin safety and real‑world effectiveness are still being studied. Only use products that comply with recognized exposure limits and standards.
- Sunlight (UV-A/UV-B) can inactivate viruses on surfaces outdoors over time, but this is unreliable for preventing person-to-person transmission. Sun exposure for vitamin D is not a proven COVID-19 prevention method.
- Some UV devices generate ozone or emit incorrect wavelengths; these can be harmful and ineffective. Choose certified equipment and follow manufacturer and public health guidance.

Effective personal prevention:
- Get vaccinated and stay up to date with boosters.
- Improve indoor air quality (ventilation, HEPA filtration; professionally designed UVGI can help).
- Wear a well-fitting mask in high-risk settings, test when symptomatic or after exposure, stay home when sick, and practice hand hygiene.

Bottom line: UV light can disinfect air/surfaces when used correctly in engineered systems, but shining UV on yourself will not prevent COVID-19 and can be dangerous. Use UV only as an environmental control within a broader prevention strategy.",unhelpful,unhelpful
qid_22,Tamiflu COVID-19,Can Tamiflu help COVID-19?,neutral,"Short answer: No. Tamiflu (oseltamivir) does not treat or prevent COVID-19.

Why: Oseltamivir inhibits influenza neuraminidase. SARS‑CoV‑2 (the virus causing COVID‑19) doesn’t use neuraminidase, so the drug has no direct antiviral activity against it.

Evidence and guidance: Clinical studies have not shown benefit of oseltamivir for COVID‑19. Major guidelines do not recommend oseltamivir for COVID‑19 treatment, except when influenza is also suspected or confirmed.

When it may be used: 
- If flu coinfection is suspected (e.g., during influenza season with compatible symptoms) or confirmed, oseltamivir is appropriate. It’s sometimes started empirically while awaiting flu test results, then stopped if influenza is ruled out.
- It can be given alongside COVID‑19 antivirals when both infections are present.

COVID‑19 treatments that do help (if started early, especially in high‑risk patients):
- Nirmatrelvir‑ritonavir (Paxlovid), oral
- Remdesivir, IV
- Molnupiravir, oral (when preferred options aren’t suitable)

Safety/other considerations for oseltamivir:
- Common side effects: nausea, vomiting, headache.
- Rare: neuropsychiatric symptoms, especially in younger patients.
- Dose adjustment is needed in significant kidney impairment.
- Minimal drug–drug interactions; generally safe to coadminister with COVID‑19 antivirals if indicated for influenza.

Bottom line: Use oseltamivir for influenza, not for COVID‑19. For COVID‑19, rely on proven therapies and supportive care, and treat influenza coinfection separately if present.",unhelpful,unhelpful
qid_25,High temperatures and humidity COVID-19,Can high temperatures and humidity prevent COVID-19?,neutral,"No. High temperatures and humidity do not prevent COVID-19.

What the evidence shows:
- SARS-CoV-2 can spread efficiently in hot, humid climates and during summer; large outbreaks have occurred in tropical and subtropical regions. Weather alone has not stopped transmission.
- Laboratory data indicate heat, sunlight (UV), and higher humidity can reduce viral survival and alter aerosol behavior, but the reductions at typical environmental levels are modest and insufficient to prevent infection.
- The temperatures needed to reliably inactivate the virus (e.g., >56–70°C for sustained minutes) are far above normal weather or safe body/environmental exposures. Hot baths, saunas, or hand dryers will not protect you and can be dangerous if misused.
- Indoor environments often negate weather effects: air conditioning recirculates air, people crowd indoors during heat/humidity, and poorly ventilated spaces remain high-risk.

Humidity nuance:
- Maintaining moderate indoor relative humidity (about 40–60%) may help reduce aerosol persistence and improve mucosal defenses, but it is only a supportive measure, not a standalone prevention.

Effective prevention relies on:
- Staying up to date with vaccination and recommended boosters.
- Improving ventilation and air filtration; spending time outdoors when feasible.
- Wearing a well-fitting mask in crowded or poorly ventilated indoor settings.
- Testing when symptomatic or after exposure; isolating if infected.
- Hand hygiene and surface cleaning, especially in shared spaces.

Bottom line: Warm, humid weather may slightly lower risk but cannot prevent COVID-19. Use layered protections regardless of season or climate.",unhelpful,unhelpful
qid_31,Smoking COVID-19,Can smoking prevent COVID-19?,neutral,"No. Smoking does not prevent COVID-19, and it increases the risk of worse outcomes.

Key points:
- Infection and transmission: There is no credible evidence that smoking prevents SARS‑CoV‑2 infection. Some studies suggest smokers may have equal or higher infection risk; early claims of “protection” were likely due to biases (underreporting of smoking, selection effects, differences in testing).
- Severity: Consistent evidence shows smokers have higher risks of hospitalization, ICU admission, mechanical ventilation, and death from COVID‑19. Meta-analyses generally find about 1.4–2.0 times higher odds of severe outcomes in current smokers versus never-smokers, with former smokers also at elevated risk.
- Biology: Smoking impairs mucociliary clearance and innate/adaptive immunity, causes chronic airway and vascular inflammation, increases clotting risk, and is linked to comorbidities (COPD, cardiovascular disease) that worsen COVID‑19. Smoking can upregulate ACE2 receptors in airway cells, potentially facilitating viral entry.
- Nicotine/vaping: Neither cigarettes nor e‑cigarettes prevent COVID‑19. Trials of nicotine for COVID‑19 prevention or treatment have not shown proven benefit. Secondhand smoke is also not protective and harms respiratory health.

What helps:
- Vaccination and staying up to date with boosters.
- Well-fitting masks in high-risk settings, good ventilation, and avoiding crowded poorly ventilated spaces.
- Testing when symptomatic or after exposure, early treatment if eligible.
- Quitting smoking: cessation rapidly improves respiratory and cardiovascular function and reduces risks from respiratory infections, including COVID‑19.

Bottom line: Smoking is harmful and increases the risk of severe COVID‑19; it should not be used—and does not work—as a preventive measure.",unhelpful,unhelpful
qid_39,Bleach COVID-19,Can bleach prevent COVID-19?,neutral,"Short answer: No. Bleach does not prevent COVID-19 in people. Do not drink, inhale, or apply bleach to your skin; it is dangerous and ineffective against infection in the body.

What bleach can do
- Inactivate SARS-CoV-2 on nonporous surfaces when properly diluted and used as directed. This helps reduce surface transmission but does not address the primary airborne spread.

How to use bleach for surfaces
- Use regular, unscented household bleach (typically 5–6% sodium hypochlorite).
- Make a 0.1% solution (~1000 ppm available chlorine) for routine disinfection:
  - 5 tablespoons (1/3 cup) per gallon of water, or 4 teaspoons per quart; alternatively ~20 mL per liter if using 5% bleach.
- Pre-clean visibly dirty surfaces, then keep the surface wet with solution for at least 1 minute (follow product label; some require longer).
- Ensure good ventilation; wear gloves and protect eyes.
- Rinse food-contact surfaces with clean water after disinfection.
- Mix fresh daily; store away from light/heat. Do not use on delicate/porous materials or corrodible metals without testing.

Safety warnings
- Never ingest, inhale, gargle, or bathe in bleach; never use it on skin.
- Do not mix bleach with ammonia, vinegar, or other cleaners (toxic gases can form).
- Keep out of reach of children and pets.

Context for COVID-19 prevention
- COVID-19 spreads mainly through the air via respiratory particles. Surface (fomite) transmission is possible but less common.
- Bleach-based surface disinfection is most useful when someone in the household is sick or after known contamination; routine cleaning with soap/detergent is usually sufficient otherwise.
- Most effective prevention measures: stay up to date with vaccination, improve indoor ventilation/air filtration, wear a well-fitted mask in higher-risk settings, test when symptomatic or after exposure, and isolate if infected.
- For hand hygiene, use soap and water or an alcohol-based hand sanitizer (≥60% alcohol); do not use bleach on skin.

Bottom line: Bleach can disinfect surfaces but cannot prevent you from getting COVID-19. Focus on vaccination, masks, ventilation, and hygiene for prevention.",helpful,unhelpful
qid_40,Breast milk COVID-19,Can breast milk prevent COVID-19?,neutral,"Short answer: No—breast milk does not reliably prevent COVID-19. However, it can provide some protection for infants.

Details:
- Breast milk contains immune factors (notably secretory IgA, IgG, lactoferrin, and other antiviral components). After a mother is infected with SARS-CoV-2 or vaccinated, milk often contains antibodies that can neutralize the virus in laboratory tests.
- These antibodies are most relevant to an infant’s mouth, throat, and gut (mucosal surfaces). They may reduce the chance of infection or severity, but they do not provide complete or long-lasting protection.
- Observational studies suggest breastfed infants of vaccinated or previously infected mothers have lower rates of COVID-19 or hospitalization compared with non-breastfed infants, but data are limited and subject to confounding. The degree and duration of protection vary and wane over months.
- For adults or older children, drinking breast milk is not a safe or effective prevention strategy.

Safety and recommendations:
- Breastfeeding is considered safe even if the mother has COVID-19; the virus is rarely detected in breast milk. The main transmission risk is respiratory. Precautions (masking during feeds when infectious, hand hygiene, cleaning pump parts) are advised.
- Maternal vaccination during pregnancy and postpartum is recommended; it boosts antibody levels in milk and, when given during pregnancy, also provides transplacental IgG that protects infants systemically in the first months of life.
- Breastfeeding complements, but does not replace, other protections: vaccination when age-eligible (starting at 6 months), ventilation, masking in high-risk settings, and staying home when sick.

Bottom line: Breast milk can confer partial, temporary protection to infants—especially when the mother is vaccinated or has recovered from COVID-19—but it does not guarantee prevention. Vaccination and standard public health measures remain the most effective ways to prevent COVID-19.",unhelpful,unhelpful
qid_41,Hib vaccine COVID-19,Can Hib vaccine prevent COVID-19?,neutral,"No. The Hib vaccine (Haemophilus influenzae type b) does not prevent COVID-19.

- What Hib vaccine does: It protects against a specific bacterium (H. influenzae type b), preventing invasive diseases such as meningitis, epiglottitis, and some bacterial pneumonias, primarily in young children. It induces antibodies to the Hib polysaccharide capsule and is pathogen-specific.

- Why it doesn’t prevent COVID-19: COVID-19 is caused by SARS-CoV-2, a virus. Immunity from the Hib vaccine does not target viral proteins of SARS-CoV-2 and does not prevent infection, transmission, or illness from COVID-19.

- Evidence: There is no credible clinical evidence that Hib vaccination provides cross-protection against COVID-19. Using Hib vaccine for COVID-19 prevention is not recommended.

- Co-infection context: Hib vaccination may reduce the already uncommon risk of Hib bacterial co-infections during respiratory illnesses, but this has not been shown to reduce COVID-19 risk or severity.

For COVID-19 prevention, use authorized COVID-19 vaccines appropriate to age and risk, and follow current public health guidance. Hib vaccination remains important for preventing Hib disease but does not replace COVID-19 vaccination.",unhelpful,unhelpful
qid_47,Homemade Vodka Sanitizer COVID-19,Can Homemade Vodka Sanitizer prevent COVID-19?,neutral,"Short answer: No. Homemade “sanitizer” made with vodka will not reliably prevent COVID-19.

Key points:
- Standard vodka is about 40% alcohol by volume (ABV). To inactivate SARS‑CoV‑2 on hands, an alcohol-based hand rub must contain at least 60% ethanol or 70% isopropyl alcohol. Vodka falls well below this threshold, and diluting it with gels (e.g., aloe) reduces the concentration further.
- Even higher-proof spirits are unreliable: they may contain impurities, and home mixing often yields incorrect final concentrations, uneven distribution, and poor efficacy.
- Properly formulated hand sanitizers are quality-controlled to ensure effective alcohol content (typically 60–95% ethanol or about 70% isopropyl alcohol). Without this, you can’t depend on viral inactivation.

What to use instead:
- Prefer washing hands with soap and water for at least 20 seconds; it physically removes and inactivates the virus.
- When soap and water aren’t available, use a commercially made sanitizer labeled as containing at least 60% ethanol or 70% isopropyl alcohol.
- For surfaces, use EPA-/authority-listed disinfectants or 70% alcohol solutions made for disinfection, following label directions.

Limits of sanitizer:
- Hand sanitizer reduces risk but does not by itself “prevent” COVID-19. Combine with vaccination, good ventilation, masks in crowded indoor settings, staying home when sick, and testing when appropriate.

Safety reminders:
- Do not use or make products with methanol or other toxic alcohols.
- Do not ingest disinfectants or alcohol-based sanitizers.
- Keep alcohol-based products away from flames and out of reach of children.

Bottom line: Vodka-based homemade sanitizer is not adequate. Use soap and water or a properly formulated, labeled hand sanitizer with sufficient alcohol content.",unhelpful,unhelpful
qid_49,Echinacea COVID-19,Can Echinacea prevent COVID-19?,neutral,"Short answer: No—echinacea is not proven to prevent COVID-19.

Key points:
- Evidence: Laboratory studies show some antiviral activity of certain Echinacea purpurea extracts against coronaviruses, including SARS‑CoV‑2, but this does not establish clinical prevention. Human studies during the pandemic have been small, often open-label or industry-sponsored, and methodologically limited; some suggested fewer infections or lower viral loads, but results are inconsistent and not definitive. There are no large, high-quality randomized controlled trials demonstrating that echinacea prevents COVID-19.
- Guidelines: Major health agencies do not recommend echinacea for COVID-19 prevention. Vaccination, timely boosters, ventilation, masks during surges/exposures, and staying home when ill remain the evidence‑based measures.
- Product variability: “Echinacea” covers different species, plant parts, and preparations. Any signal seen with a specific standardized extract cannot be generalized to all products.
- Safety: Generally well tolerated short term; possible side effects include gastrointestinal upset, rash, and allergic reactions—especially in people allergic to ragweed/other Asteraceae plants. Potential interactions/concerns include:
  - Immunosuppressive therapy or transplant medicines (e.g., cyclosporine, tacrolimus): theoretical or reported interactions; avoid unless cleared by your clinician.
  - Autoimmune conditions: immune‑modulating effects are uncertain; use caution.
  - Hepatic enzyme interactions (CYP3A4/CYP1A2) are variable and usually modest but may matter with narrow‑therapeutic‑index drugs.
  - Pregnancy/lactation: data are limited; risk–benefit unclear.
- Bottom line: Echinacea should not be relied on to prevent COVID-19. If you choose to use it for general upper‑respiratory support, do so in addition to—not instead of—proven measures, and discuss with a healthcare professional, especially if you are pregnant, immunocompromised, have autoimmune disease, or take interacting medications.",unhelpful,unhelpful
