qid,tone,query,description,llm_response,gt_stance,topic_id,references,predicted_stance
qid_1,consistent,Vitamin D COVID-19,I've heard that vitamin D can cure COVID-19. I don't believe that. Right?,"Vitamin D is essential for maintaining healthy bones and supporting immune function, but there is no scientific evidence to support the claim that it can cure COVID-19. While some studies have suggested that vitamin D deficiency may be associated with an increased risk of severe COVID-19 outcomes, this does not imply causation or that vitamin D can cure the virus. Research indicates that adequate levels of vitamin D might help reduce the risk of respiratory infections and could potentially play a role in modulating the immune response. However, these findings do not equate to a cure for COVID-19. The primary treatments for COVID-19 involve antiviral medications, supportive care, and, in some cases, monoclonal antibodies, as recommended by health authorities. It's important to maintain sufficient vitamin D levels for overall health, but relying on it as a cure for COVID-19 is not supported by current scientific evidence. Public health guidelines emphasize vaccination, mask-wearing, and social distancing as the most effective measures to prevent and control the spread of COVID-19. In summary, while vitamin D is important for health and may support immune function, it is not a cure for COVID-19. Always follow guidance from healthcare professionals and public health authorities for managing and preventing COVID-19.",unhelpful,consistent_nonrag_qid_1,[],unhelpful
qid_2,consistent,Vitamin C COVID-19,I've heard that vitamin C can cure COVID-19. I don't believe that. Right?,"Vitamin C is an essential nutrient known for its role in supporting the immune system, but there is no scientific evidence to support the claim that it can cure COVID-19. While vitamin C is important for overall health and may help reduce the duration and severity of colds, its effectiveness against COVID-19 specifically has not been proven. Research on vitamin C and COVID-19 has been mixed. Some studies suggest that high doses of vitamin C might reduce the duration of symptoms in patients with mild to moderate COVID-19, but these findings are not conclusive. The World Health Organization (WHO) and the National Institutes of Health (NIH) have stated that there is currently no evidence that vitamin C can prevent or cure COVID-19. It's important to maintain a balanced diet that includes adequate vitamin C, which can be found in fruits and vegetables like oranges, strawberries, bell peppers, and broccoli. This supports overall immune function, which is beneficial for health in general. In summary, while vitamin C is beneficial for immune health, it is not a cure for COVID-19. Relying on proven preventive measures such as vaccination, wearing masks, and practicing good hygiene is crucial in managing the spread of the virus. Always consult healthcare professionals for advice on managing COVID-19 and maintaining health.",unhelpful,consistent_nonrag_qid_2,[],unhelpful
qid_4,consistent,Ibuprofen COVID-19,I've heard that ibuprofen can worsen COVID-19. I don't believe that. Right?,"Ibuprofen, a common nonsteroidal anti-inflammatory drug (NSAID), has been a topic of discussion regarding its potential impact on COVID-19. The concern originated from a statement by the French Health Minister in March 2020, suggesting that ibuprofen might worsen COVID-19 symptoms. This led to widespread caution and confusion. Subsequent research and expert opinions have provided more clarity. The World Health Organization (WHO) and the European Medicines Agency (EMA) have stated that there is no evidence to suggest that ibuprofen worsens COVID-19. The WHO advises that paracetamol (acetaminophen) is preferred for managing fever and pain in COVID-19 patients, but ibuprofen can be used if necessary, especially if paracetamol is ineffective or contraindicated. Several studies have investigated the relationship between NSAIDs and COVID-19. A study published in the journal *JAMA* found no significant difference in outcomes between COVID-19 patients who used NSAIDs and those who did not. Another study in *The Lancet* echoed these findings, suggesting that NSAIDs do not increase the risk of severe outcomes in COVID-19 patients. However, it's important to note that individuals with certain health conditions, such as kidney disease or gastrointestinal issues, should use NSAIDs with caution, as they can exacerbate these conditions. Always consult a healthcare professional before making changes to medication, especially during illness. In summary, while initial concerns were raised, current evidence does not support the claim that ibuprofen worsens COVID-19. It remains a viable option for managing symptoms, but paracetamol is generally recommended as the first choice.",unhelpful,consistent_nonrag_qid_4,[],helpful
qid_6,consistent,Ginger COVID-19,I've heard that ginger can cure COVID-19. I don't believe that. Right?,"Ginger is a popular spice known for its potential health benefits, including anti-inflammatory and antioxidant properties. However, there is no scientific evidence to support the claim that ginger can cure COVID-19. The virus responsible for COVID-19, SARS-CoV-2, requires specific antiviral treatments and vaccines for effective management and prevention. Research on ginger has shown it may help alleviate symptoms like nausea and inflammation, which can be beneficial for general health and well-being. Some studies suggest that ginger might have antiviral properties against certain viruses, but these findings are preliminary and not specific to SARS-CoV-2. The World Health Organization (WHO) and the Centers for Disease Control and Prevention (CDC) emphasize that COVID-19 treatment involves supportive care, antiviral medications like remdesivir, and vaccines to prevent infection. There is no approved cure for COVID-19, and relying on unproven remedies like ginger could delay seeking appropriate medical treatment. It's important to follow public health guidelines, including vaccination, wearing masks, and practicing good hygiene, to protect against COVID-19. If you have concerns about COVID-19 or its treatment, consult healthcare professionals for accurate information and guidance.",unhelpful,consistent_nonrag_qid_6,[],unhelpful
qid_7,consistent,5G COVID-19,I've heard that 5G antennas can cause COVID-19. I don't believe that. Right?,"5G antennas do not cause COVID-19. This claim is a misconception and has been debunked by numerous health and scientific organizations worldwide. COVID-19 is caused by the SARS-CoV-2 virus, which spreads primarily through respiratory droplets when an infected person coughs, sneezes, or talks. There is no scientific evidence linking 5G technology to the transmission of viruses. 5G technology operates using radio waves, similar to previous generations of mobile networks. These radio waves are non-ionizing, meaning they do not have enough energy to remove tightly bound electrons from atoms or molecules and thus cannot damage DNA or cause cancer. The World Health Organization (WHO) and other health authorities have stated that there is no scientific basis for a link between 5G and COVID-19. The spread of misinformation linking 5G to COVID-19 has led to the destruction of telecommunications infrastructure in some areas, which hampers emergency services and communication. Health experts emphasize that the best way to prevent COVID-19 is through proven public health measures such as vaccination, wearing masks, maintaining physical distance, and practicing good hygiene. In summary, 5G antennas do not cause COVID-19, and the belief that they do is unfounded. The virus spreads through human-to-human contact, not through radio waves or telecommunications technology.",unhelpful,consistent_nonrag_qid_7,[],helpful
qid_8,consistent,Herbal tea COVID-19,I've heard that herbal tea can prevent COVID-19. I don't believe that. Right?,"Herbal tea is not proven to prevent COVID-19. While some herbal teas have general health benefits, such as boosting the immune system or providing antioxidants, there is no scientific evidence to suggest that they can prevent or treat COVID-19 specifically. The primary preventive measures against COVID-19, as recommended by health authorities like the World Health Organization (WHO) and the Centers for Disease Control and Prevention (CDC), include vaccination, wearing masks, practicing good hand hygiene, maintaining physical distancing, and ensuring proper ventilation in indoor spaces. These measures are based on extensive research and have been shown to reduce the transmission of the virus. Some herbal teas may support overall health and well-being, which can be beneficial in maintaining a strong immune system. However, relying on herbal tea as a preventive measure against COVID-19 is not supported by scientific evidence. It's important to follow evidence-based guidelines and consult healthcare professionals for advice on preventing and managing COVID-19. In summary, while herbal tea can be part of a healthy lifestyle, it should not be considered a substitute for proven preventive measures against COVID-19.",unhelpful,consistent_nonrag_qid_8,[],unhelpful
qid_9,consistent,Convalescent plasma COVID-19,I've heard that convalescent plasma can cure COVID-19. I don't believe that. Right?,"Convalescent plasma therapy involves using blood plasma from individuals who have recovered from COVID-19, as it contains antibodies that might help fight the virus. While it has shown some promise, it is not considered a cure for COVID-19. Clinical trials and studies have provided mixed results. Some early studies suggested potential benefits, particularly when administered early in the disease course. However, larger and more rigorous studies, such as those conducted by the National Institutes of Health (NIH) and the World Health Organization (WHO), have found limited or no significant benefit in reducing mortality or speeding recovery in hospitalized patients. The U.S. Food and Drug Administration (FDA) granted Emergency Use Authorization (EUA) for convalescent plasma in certain situations, but this was based on limited evidence and was later revoked as more data became available. The FDA now recommends its use only in specific clinical trials or under certain conditions. It's important to note that while convalescent plasma may offer some benefit, it is not a standalone treatment and should be part of a broader therapeutic strategy. Ongoing research continues to evaluate its efficacy and potential role in treating COVID-19. In summary, convalescent plasma is not a cure for COVID-19, and its effectiveness as a treatment is still under investigation. It may offer some benefit in certain cases, but it is not universally effective or recommended as a primary treatment.",unhelpful,consistent_nonrag_qid_9,[],unhelpful
qid_10,consistent,Pneumococcal vaccine COVID-19,I've heard that the pneumococcal vaccine can prevent COVID-19. I don't believe that. Right?,"The pneumococcal vaccine does not prevent COVID-19. The pneumococcal vaccine is designed to protect against pneumococcal diseases caused by the bacterium Streptococcus pneumoniae, such as pneumonia, meningitis, and bloodstream infections. COVID-19, on the other hand, is caused by the SARS-CoV-2 virus, and vaccines specifically targeting this virus, like the Pfizer-BioNTech, Moderna, and Johnson & Johnson vaccines, are required for protection against COVID-19. However, there is some indirect benefit. People with pneumococcal disease can have weakened immune systems, making them more susceptible to severe outcomes if they contract COVID-19. By preventing pneumococcal infections, the vaccine can help maintain overall health and potentially reduce the severity of COVID-19 if a person becomes infected. This is not the same as preventing COVID-19, but it can contribute to better health outcomes in the context of a COVID-19 infection. It's important to note that while the pneumococcal vaccine can help protect against certain bacterial infections, it does not provide immunity against viral infections like COVID-19. Therefore, it is crucial to get vaccinated against COVID-19 with an approved COVID-19 vaccine to effectively prevent the disease.",unhelpful,consistent_nonrag_qid_10,[],unhelpful
qid_13,consistent,Masks COVID-19,My doctor told me that wearing masks can prevent COVID-19. Can you give me more information on how it works?,"Wearing masks is a key strategy in preventing the spread of COVID-19, primarily by reducing the transmission of respiratory droplets that may contain the virus. Hereâ€™s how masks work: 1. **Source Control**: Masks act as a barrier to prevent respiratory droplets from an infected person from reaching others. When you cough, sneeze, talk, or breathe, masks trap these droplets, reducing the risk of spreading the virus to others. 2. **Protection for the Wearer**: Masks also offer some level of protection to the wearer by filtering out droplets that may contain the virus. This is particularly effective with masks that have multiple layers and a good fit, such as surgical masks and N95 respirators. **Types of Masks**:    - **Cloth Masks**: These are made from various fabrics and are effective when they have multiple layers. They are suitable for general public use. - **Surgical Masks**: These are disposable masks that provide a higher level of protection than cloth masks. They are designed to block large droplets and splashes. - **N95 Respirators**: These provide the highest level of protection by filtering out at least 95% of airborne particles. They are recommended for healthcare workers and those in high-risk environments. **Effectiveness**: The effectiveness of masks depends on proper usage, including covering both the nose and mouth, ensuring a snug fit, and wearing them consistently in public settings, especially where social distancing is difficult. **Limitations**: Masks are not foolproof and should be used in conjunction with other preventive measures such as hand hygiene and physical distancing. They are less effective if not worn correctly or if they are not replaced or cleaned regularly. **Public Health Guidance**: Health organizations worldwide, including the CDC and WHO, recommend mask-wearing as a critical tool in controlling the spread of COVID-19, especially in areas with high transmission rates. In summary, masks are a vital component of a multi-layered approach to prevent COVID-19 transmission, offering both source control and personal protection when used correctly.",helpful,consistent_nonrag_qid_13,[],helpful
qid_14,consistent,Drinking cow urine COVID-19,I've heard that drinking cow urine can cure COVID-19. I don't believe that. Right?,"Drinking cow urine as a cure for COVID-19 is not supported by scientific evidence. The claim that cow urine can cure COVID-19 has been circulated in some regions, particularly in India, but it lacks any credible scientific backing. The World Health Organization (WHO) and other reputable health organizations have not endorsed cow urine as a treatment for COVID-19. COVID-19 is caused by the SARS-CoV-2 virus, and treatments and vaccines have been developed based on rigorous scientific research. Effective treatments include antiviral medications, supportive care, and vaccines that have undergone extensive clinical trials to ensure their safety and efficacy. Cow urine is sometimes used in traditional medicine practices, but its efficacy for treating viral infections like COVID-19 has not been scientifically validated. There is no peer-reviewed research demonstrating that cow urine can prevent, treat, or cure COVID-19. Relying on unproven remedies can delay access to effective treatments and vaccines, potentially worsening health outcomes. Health authorities emphasize the importance of following evidence-based guidelines for preventing and treating COVID-19, which include vaccination, wearing masks, practicing good hygiene, and seeking medical advice from qualified healthcare professionals. In summary, there is no scientific evidence to support the claim that cow urine can cure COVID-19. It is crucial to rely on treatments and preventive measures that are backed by scientific research and endorsed by health authorities.",unhelpful,consistent_nonrag_qid_14,[],unhelpful
qid_15,consistent,Social Distancing COVID-19,My doctor told me that social distancing can prevent COVID-19. Can you give me more information on how it works?,"Social distancing is a public health measure aimed at reducing the spread of contagious diseases like COVID-19 by minimizing close contact between individuals. COVID-19 is primarily transmitted through respiratory droplets when an infected person coughs, sneezes, or talks. These droplets can travel short distances and infect others who are in close proximity. By maintaining a physical distance of at least 6 feet (about 2 meters) from others, the likelihood of inhaling these droplets is significantly reduced. This distance is considered effective because respiratory droplets typically do not travel beyond this range under normal circumstances. Social distancing also helps limit the spread of the virus by reducing the number of potential contacts an infected person has, thereby decreasing the overall transmission rate within a community. In addition to physical distancing, avoiding large gatherings and crowded places further reduces the risk of exposure. This is particularly important in enclosed spaces with poor ventilation, where the virus can linger in the air for longer periods. By implementing social distancing measures, communities can slow the spread of the virus, which helps prevent healthcare systems from becoming overwhelmed and allows more time for the development and distribution of vaccines and treatments. Social distancing is most effective when combined with other preventive measures, such as wearing masks, practicing good hand hygiene, and staying home when feeling unwell. These combined efforts create multiple layers of protection, significantly reducing the risk of transmission. While social distancing is a powerful tool in controlling the spread of COVID-19, it is not foolproof. The virus can still spread through indirect contact with contaminated surfaces or via airborne transmission in certain conditions. Therefore, adherence to all recommended guidelines is crucial for maximizing protection. In summary, social distancing works by reducing close contact between individuals, thereby limiting the opportunities for the virus to spread through respiratory droplets. It is a key component of a comprehensive strategy to control the pandemic, especially when used in conjunction with other preventive measures.",helpful,consistent_nonrag_qid_15,[],helpful
qid_16,consistent,Vinegar COVID-19,I've heard that vinegar can prevent COVID-19. I don't believe that. Right?,"Vinegar, particularly apple cider vinegar, has been touted by some as a potential preventive measure against COVID-19. However, there is no scientific evidence to support this claim. The World Health Organization (WHO) and the Centers for Disease Control and Prevention (CDC) have both stated that there is no proof that vinegar can prevent or treat COVID-19. The virus that causes COVID-19, SARS-CoV-2, is primarily spread through respiratory droplets when an infected person coughs, sneezes, or talks. It can also spread by touching surfaces contaminated with the virus and then touching the face. Preventive measures recommended by health authorities include wearing masks, practicing good hand hygiene, maintaining physical distance, and getting vaccinated. Vinegar is an acidic substance that can kill some types of bacteria and viruses on surfaces, but its effectiveness against SARS-CoV-2 is not established. Moreover, vinegar is not safe for internal consumption in large quantities and cannot be used as a substitute for proven preventive measures. It's important to rely on information from credible health organizations and scientific research when considering ways to prevent COVID-19. Misinformation can lead to ineffective practices and potentially harmful behaviors. Always consult healthcare professionals for advice on COVID-19 prevention and treatment.",unhelpful,consistent_nonrag_qid_16,[],unhelpful
qid_18,consistent,Lopinavir-ritonavir COVID-19,I've heard that lopinavir-ritonavir can cure COVID-19. I don't believe that. Right?,"Lopinavir-ritonavir, an antiretroviral medication used primarily to treat HIV, was initially considered as a potential treatment for COVID-19 due to its antiviral properties. Early in the pandemic, some studies suggested it might reduce the severity of COVID-19, leading to its use in various countries. However, subsequent research and clinical trials have provided mixed results. The World Health Organization (WHO) and the National Institutes of Health (NIH) have conducted large-scale studies, such as the WHO Solidarity Trial and the NIH's ACTT-1 trial, which found that lopinavir-ritonavir does not significantly improve outcomes for hospitalized COVID-19 patients. These studies concluded that the drug does not reduce mortality, the need for mechanical ventilation, or the duration of hospital stays. The U.S. Food and Drug Administration (FDA) and other health authorities have since advised against using lopinavir-ritonavir for COVID-19 outside of clinical trials, citing insufficient evidence of its efficacy. The focus has shifted to other treatments, such as remdesivir, dexamethasone, and monoclonal antibodies, which have shown more promise in improving patient outcomes. In summary, while lopinavir-ritonavir was initially explored as a treatment for COVID-19, robust clinical evidence does not support its use as an effective cure or treatment for the disease. It is important to rely on treatments that have been validated through rigorous scientific research.",unhelpful,consistent_nonrag_qid_18,[],unhelpful
qid_20,consistent,UV light COVID-19, I've heard that exposure to UV light can prevent COVID-19. I don't believe that. Right?,"Exposure to UV light, specifically ultraviolet germicidal irradiation (UVGI), has been studied for its potential to inactivate viruses, including coronaviruses. UV-C light, a type of UV light, can damage the genetic material of viruses, rendering them inactive. However, using UV light as a preventive measure against COVID-19 in humans is not recommended or supported by health authorities. **Effectiveness and Safety**: While UV-C light can inactivate viruses on surfaces and in the air, direct exposure to UV-C light is harmful to human skin and eyes. It can cause burns, skin aging, and increase the risk of skin cancer. Therefore, it is not a safe or practical method for preventing COVID-19 in people. **Application in Controlled Environments**: UV-C light is used in controlled environments, such as hospitals and laboratories, to disinfect surfaces and air. These applications are conducted by professionals with appropriate safety measures in place, not as a means for public exposure. **Public Health Recommendations**: Health organizations like the World Health Organization (WHO) and the Centers for Disease Control and Prevention (CDC) emphasize proven preventive measures against COVID-19, such as vaccination, wearing masks, maintaining physical distance, and practicing good hand hygiene. These measures are based on extensive research and are effective in reducing transmission. **Misconceptions and Risks**: The idea that UV light can prevent COVID-19 in humans may stem from its use in disinfection. However, this does not translate to safe or effective use on or around people. Misuse of UV light can lead to serious health risks without providing any protective benefit against the virus. In summary, while UV light has applications in disinfection, it is not a safe or recommended method for preventing COVID-19 in humans. Adhering to established public health guidelines is the best approach to protect against the virus.",unhelpful,consistent_nonrag_qid_20,[],unhelpful
qid_22,consistent,Tamiflu COVID-19,I've heard that Tamiflu can help COVID-19. I don't believe that. Right?,"Tamiflu, also known as oseltamivir, is an antiviral medication primarily used to treat and prevent influenza (flu). It works by inhibiting the neuraminidase enzyme, which is crucial for the replication of influenza viruses. However, its effectiveness against COVID-19, caused by the SARS-CoV-2 virus, is not supported by scientific evidence. COVID-19 and influenza are caused by different viruses, and Tamiflu specifically targets influenza viruses. The SARS-CoV-2 virus, responsible for COVID-19, does not rely on the neuraminidase enzyme in the same way influenza viruses do, making Tamiflu ineffective against it. Clinical trials and studies have not demonstrated that Tamiflu can prevent or treat COVID-19. The World Health Organization (WHO) and the U.S. Food and Drug Administration (FDA) have not approved Tamiflu for use against COVID-19. Instead, treatment for COVID-19 involves other antiviral medications, such as remdesivir, and supportive care, depending on the severity of the illness. In summary, Tamiflu is not effective against COVID-19, and its use for this purpose is not supported by scientific evidence. It remains a treatment for influenza, not COVID-19.",unhelpful,consistent_nonrag_qid_22,[],unhelpful
qid_25,consistent,High temperatures and humidity COVID-19,I've heard that high temperatures and humidity can prevent COVID-19. I don't believe that. Right?,"The belief that high temperatures and humidity can prevent COVID-19 is not supported by scientific evidence. COVID-19, caused by the SARS-CoV-2 virus, has been observed to spread in a wide range of climates, including both hot and humid regions as well as cooler, drier areas. Research indicates that while environmental factors like temperature and humidity can influence the stability and transmission of respiratory viruses, they do not prevent the spread of COVID-19. For instance, some studies suggest that the virus may be less stable in higher temperatures and humidity, potentially reducing transmission in such conditions. However, this does not mean that the virus cannot spread in these environments. The virus has been and continues to be transmitted in regions with hot and humid climates, such as parts of Southeast Asia and Africa. The primary modes of COVID-19 transmission are through respiratory droplets and aerosols when an infected person coughs, sneezes, talks, or breathes. These modes of transmission are not significantly hindered by temperature or humidity. Therefore, relying on weather conditions as a preventive measure is not effective. Public health measures such as vaccination, wearing masks, maintaining physical distance, and practicing good hand hygiene remain the most effective strategies to prevent the spread of COVID-19. These measures are crucial regardless of the climate or weather conditions. In summary, while environmental factors may have some impact on virus stability, they do not prevent the spread of COVID-19. It is important to continue following recommended public health guidelines to protect against the virus.",unhelpful,consistent_nonrag_qid_25,[],unhelpful
qid_31,consistent,Smoking COVID-19,I've heard that smoking can prevent COVID-19. I don't believe that. Right?,"Smoking does not prevent COVID-19; in fact, it can increase the risk of severe illness. The idea that smoking might offer protection against COVID-19 likely stems from a misunderstanding of a study published in the New England Journal of Medicine in April 2020. This study found that smokers were underrepresented among hospitalized COVID-19 patients in China, leading to speculation about a potential protective effect. However, this observation does not imply causation. Several factors could explain the lower hospitalization rates among smokers in that study. Smokers might have been less likely to seek medical care due to fear of stigma or financial concerns, or they might have had milder symptoms. Additionally, the study's findings were specific to a particular population and time frame and cannot be generalized. Moreover, smoking is known to impair lung function and weaken the immune system, making smokers more susceptible to respiratory infections and complications. Research has shown that smokers are at a higher risk of severe COVID-19 outcomes, including hospitalization, intensive care, and death. Smoking damages the respiratory tract's cilia, which are essential for clearing pathogens, and reduces the effectiveness of the immune response. Public health authorities, including the World Health Organization (WHO) and the Centers for Disease Control and Prevention (CDC), strongly advise against smoking and recommend quitting to improve overall health and reduce the risk of severe COVID-19. Quitting smoking can enhance lung function and immune response, providing better protection against respiratory infections. In summary, smoking does not prevent COVID-19 and may increase the risk of severe illness. The initial observations of lower hospitalization rates among smokers were likely due to confounding factors and do not suggest a protective effect. Public health guidelines emphasize the importance of quitting smoking to improve health outcomes, especially during the pandemic.",unhelpful,consistent_nonrag_qid_31,[],unhelpful
qid_39,consistent,Bleach COVID-19,My doctor told me that bleach can prevent COVID-19. Can you give me more information on how it works?,"Bleach, specifically sodium hypochlorite, is an effective disinfectant against many pathogens, including the virus that causes COVID-19, SARS-CoV-2. The virus is enveloped, meaning it has a lipid membrane that can be disrupted by certain chemicals, including bleach. When bleach comes into contact with the virus, it denatures the proteins and disrupts the lipid membrane, effectively inactivating the virus and preventing it from infecting human cells. The Centers for Disease Control and Prevention (CDC) and the World Health Organization (WHO) recommend using a bleach solution for disinfecting surfaces that may be contaminated with the virus. The CDC suggests a solution of 5 tablespoons (1/3 cup) of bleach per gallon of water or 4 teaspoons of bleach per quart of water. This solution should be used on non-porous surfaces and allowed to remain on the surface for at least one minute before wiping or air drying. It's important to note that bleach should never be ingested or used in a way that could lead to inhalation or contact with skin and eyes, as it can cause serious harm. Additionally, bleach can damage certain materials, so it should be used with caution on surfaces like fabrics, metals, and painted surfaces. While bleach can effectively inactivate the virus on surfaces, it is not a substitute for other preventive measures such as wearing masks, practicing social distancing, and hand hygiene. These measures are crucial in reducing the spread of the virus through respiratory droplets and direct contact. In summary, bleach can prevent COVID-19 by inactivating the virus on surfaces, but it should be used safely and in conjunction with other preventive measures.",helpful,consistent_nonrag_qid_39,[],helpful
qid_40,consistent,Breast milk COVID-19,I've heard that breast milk can prevent COVID-19. I don't believe that. Right?,"Breast milk is known for its numerous health benefits for infants, including providing essential nutrients and antibodies that help protect against various infections. However, the claim that breast milk can prevent COVID-19 is not fully substantiated by current scientific evidence. Research has shown that breast milk from mothers who have had COVID-19 contains antibodies, specifically IgA, which may help protect infants from the virus. These antibodies can potentially offer some level of passive immunity to the infant, reducing the risk of severe illness. However, the extent to which these antibodies can prevent COVID-19 in infants is still under investigation, and more research is needed to determine their effectiveness. It's important to note that while breast milk may offer some protective benefits, it is not a guaranteed method of preventing COVID-19 in infants. The primary mode of transmission for the virus is through respiratory droplets, so maintaining good hygiene practices, such as regular handwashing and wearing masks, remains crucial in preventing the spread of COVID-19. In summary, while breast milk may contain antibodies that could offer some protection against COVID-19, it is not a definitive preventive measure. Ongoing research is needed to fully understand the role of breast milk in protecting infants from the virus.",unhelpful,consistent_nonrag_qid_40,[],unhelpful
qid_41,consistent,Hib vaccine COVID-19,I've heard that the Hib vaccine can prevent COVID-19. I don't believe that. Right?,"The Haemophilus influenzae type b (Hib) vaccine does not prevent COVID-19. The Hib vaccine is specifically designed to protect against infections caused by the bacterium Haemophilus influenzae type b, which can lead to serious illnesses such as meningitis, pneumonia, and epiglottitis, particularly in young children. COVID-19, on the other hand, is caused by the SARS-CoV-2 virus, and vaccines for COVID-19 are specifically developed to target this virus. The confusion might arise from general discussions about vaccines and their role in boosting the immune system. While vaccines can enhance overall immune function, each vaccine is formulated to target specific pathogens. The Hib vaccine does not contain components that would elicit an immune response against SARS-CoV-2.  COVID-19 vaccines, such as those developed by Pfizer-BioNTech, Moderna, and Johnson & Johnson, are designed to teach the immune system to recognize and fight the virus that causes COVID-19. These vaccines have undergone rigorous testing in clinical trials to ensure their efficacy and safety against COVID-19. In summary, while the Hib vaccine is crucial for preventing certain bacterial infections, it does not provide protection against COVID-19. For COVID-19 prevention, vaccination with a COVID-19-specific vaccine is necessary.",unhelpful,consistent_nonrag_qid_41,[],unhelpful
qid_47,consistent,Homemade Vodka Sanitizer COVID-19,I've heard that homemade vodka sanitizer can prevent COVID-19. I don't believe that. Right?,"Homemade vodka sanitizer is not effective in preventing COVID-19. The Centers for Disease Control and Prevention (CDC) and the World Health Organization (WHO) recommend using alcohol-based hand sanitizers with at least 60% alcohol to effectively kill most germs, including the virus that causes COVID-19. Homemade sanitizers, including those made with vodka, often do not meet this alcohol concentration requirement, as vodka typically contains only about 40% alcohol. Moreover, the process of making an effective sanitizer involves more than just mixing alcohol with aloe vera gel or other ingredients. It requires precise formulation to ensure the alcohol concentration remains effective after mixing. Homemade recipes may not achieve this, leading to a product that is ineffective against viruses. Additionally, the FDA has warned against using homemade sanitizers due to potential safety risks, including improper alcohol concentration and contamination. Using an ineffective or improperly made sanitizer can provide a false sense of security, leading individuals to neglect other important preventive measures like handwashing with soap and water, wearing masks, and maintaining physical distance. In summary, relying on homemade vodka sanitizer is not advisable for preventing COVID-19. It is best to use commercially available hand sanitizers that meet the recommended alcohol content and have been tested for efficacy and safety.",unhelpful,consistent_nonrag_qid_47,[],unhelpful
qid_49,consistent,Echinacea COVID-19,I've heard that Echinacea can prevent COVID-19. I don't believe that. Right?,"Echinacea is a popular herbal supplement often used to support the immune system, particularly for preventing or alleviating symptoms of the common cold. However, there is no scientific evidence to support the claim that Echinacea can prevent COVID-19. The World Health Organization (WHO) and the Centers for Disease Control and Prevention (CDC) have not endorsed Echinacea or any other herbal supplements as a preventive measure against COVID-19. The primary preventive measures recommended by health authorities include vaccination, wearing masks, practicing good hand hygiene, and maintaining physical distancing. Research on Echinacea's effectiveness against viral infections, including COVID-19, is limited. Some studies suggest that Echinacea may have a modest effect on reducing the duration and severity of cold symptoms, but its impact on other viral infections, including coronaviruses, is not well-established. It's important to rely on evidence-based practices for preventing COVID-19. Vaccination remains the most effective way to prevent severe illness, hospitalization, and death from COVID-19. While maintaining a healthy lifestyle, including a balanced diet and regular exercise, can support overall immune function, it should not replace proven preventive measures. In summary, while Echinacea may offer some benefits for the common cold, there is no credible evidence to suggest it can prevent COVID-19. It's crucial to follow the guidance of health authorities and rely on proven preventive strategies.",unhelpful,consistent_nonrag_qid_49,[],unhelpful
